שם מקורי,שם מתורגם
‏3 אחוז,3_AHVZ
7 חטאים קטלניים,7_HTAYM_KTLNYYM
007: הדרך למיליון,007_HDRK_LMYLYVN
8 כללים פשוטים,8_KLLYM_PSHVTYM
10 אחוז,10_AHVZ
10 דברים שאני שונאת אצלך,10_DBRYM_SHANY_SHVNAT_ATSLK
11.22.63,112263
13 סיבות למה,13_SYBVT_LMH
24,24
24: מורשת,24_MVRSHT
30 מטבעות,30_MTBAVT
90 יום לחתונה: באושר ועושר?,90_YVM_LHTVNH_BAVSHR_VAVSHR
90 יום לחתונה: בכיוון ההפוך,90_YVM_LHTVNH_BKYVVN_HHPVK
90 יום לחתונה: לפני 90 הימים,90_YVM_LHTVNH_LPNY_90_HYMYM
100 דברים להספיק לפני התיכון,100_DBRYM_LHSPYK_LPNY_HTYKVN
1000 דרכים למות / אלף דרכים למות,1000_DRKYM_LMVT__ALP_DRKYM_LMVT
1883,1883
1923,1923
1971: השנה שבה המוזיקה שינתה הכל,1971_HSHNH_SHBH_HMVZYKH_SHYNTH_HKL
1985,1985
1992,1992
4400,4400
90210,90210
אאוריקה,AAVRYKH
אבא אמריקאי,ABA_AMRYKAY
אבא בהפרעה,ABA_BHPRAH
אבא יש רק שניים,ABA_YSH_RK_SHNYYM
אבא מרגל,ABA_MRGL
אבודה באוסטן,ABVDH_BAVSTN
אבודות בטבע,ABVDVT_BTBA
אבודות בנהר,ABVDVT_BNHR
אבודים,ABVDYM
אבודים בחלל,ABVDYM_BHLL
אבודים במערב הפרוע,ABVDYM_BMARB_HPRVA
אבות המזון של אמריקה,ABVT_HMZVN_SHEL_AMRYKH
אבות לפי דרישה,ABVT_LPY_DRYSHH
אביר על גלגלים,ABYR_AL_GLGLYM
אבירי הלילה,ABYRY_HLYLH
"אבן, נייר ומספריים",ABN_NYYR_VMSPRYYM
אבסנטיה,ABSNTYH
אבק כוכבים,ABK_KVKBYM
אבק שריפה,ABK_SHRYPH
אברהם לינקולן,ABRHM_LYNKVLN
אגדות המחר,AGDVT_HMHR
אגדת ווקס מכינה,AGDT_VVKS_MKYNH
אגודת בנדיקט המסתורית,AGVDT_BNDYKT_HMSTVRYT
אגן הים התיכון הפראי,AGN_HYM_HTYKVN_HPRAY
אגרוף הברזל,AGRVP_HBRZL
אגת'ה רייזין,AGTH_RYYZYN
אגתה: לאורך כל הדרך,AGTH_LAVRK_KL_HDRK
אדוארד היקר,ADVARD_HYKR
אדוני האוויר,ADVNY_HAVVYR
אדוני ראש העיר,ADVNY_RASH_HAYR
אדם זר,ADM_ZR
אדמה סוררת,ADMH_SVRRT
אדמת הפקר,ADMT_HPKR
אהבה,AHBH
אהבה בהסוואה,AHBH_BHSVVAH
אהבה גדולה,AHBH_GDVLH
אהבה ומוות,AHBH_VMVVT
אהבה ללילה אחד,AHBH_LLYLH_AHD
אהבה מודרנית,AHBH_MVDRNYT
אהבה מטורפת,AHBH_MTVRPT
אהבה מלידה,AHBH_MLYDH
אהבה ניצחה,AHBH_NYTSHH
אהבה על הרצף: ארה”ב,AHBH_AL_HRTSP_ARHB
אהבה שלי,AHBH_SHLY
אהבה תאומה,AHBH_TAVMH
"אהבה, מוות & רובוטים",AHBH_MVVT__RVBVTYM
"אהבה, מוות וציפורי שיר",AHBH_MVVT_VTSYPVRY_SHYR
אהבת אם,AHBT_AM
אהבת קיץ,AHBT_KYTS
אובי-וואן קנובי,AVBYVVAN_KNVBY
אובמה: איחוד מושלם יותר,AVBMH_AYHVD_MVSHLM_YVTR
אובססיה,AVBSSYH
אובסקסיה,AVBSKSYH
אוברלורד ומשפחת אנדרווד,AVBRLVRD_VMSHPHT_ANDRVVD
אודות סשה,AVDVT_SSHH
"אוהבת אותך, עכשיו תמות",AVHBT_AVTK_AKSHYV_TMVT
אווטאר: האגדה של קורה,AVVTAR_HAGDH_SHEL_KVRH
אווטאר: כשף האוויר האחרון,AVVTAR_KSHP_HAVVYR_HAHRVN
אווטאר: כשף האוויר האחרון,AVVTAR_KSHP_HAVVYR_HAHRVN
אווניו 5,AVVNYV_5
אוז,AVZ
אוזי שור,AVZY_SHVR
אוזרק,AVZRK
אוטובוס הקסמים נוסע שוב,AVTVBVS_HKSMYM_NVSA_SHVB
אוטופיה,AVTVPYH
אוטופיה,AVTVPYH
אויבות,AVYBVT
אוליב קיטרידג',AVLYB_KYTRYDG
אולפני אבידות ומציאות,AVLPNY_ABYDVT_VMTSYAVT
אולפני מארוול: אגדות,AVLPNY_MARVVL_AGDVT
אומני הבריחה הגדולים,AVMNY_HBRYHH_HGDVLYM
אומני הזוהר: הכוכב הבא בעולם האיפור,AVMNY_HZVHR_HKVKB_HBA_BAVLM_HAYPVR
אומת הבית הזעיר,AVMT_HBYT_HZAYR
אוסטין,AVSTYN
אוסטין ואלי,AVSTYN_VALY
אוסף הקטיפה,AVSP_HKTYPH
אוסקין,AVSKYN
אופוריה,AVPVRYH
אוצר האי המקולל,AVTSR_HAY_HMKVLL
אוצר לאומי: קצה ההיסטוריה,AVTSR_LAVMY_KTSH_HHYSTVRYH
אוצרות בבל,AVTSRVT_BBL
אוקוורד,AVKVVRD
אור וקסם,AVR_VKSM
אור קטן,AVR_KTN
אורות אדומים,AVRVT_ADVMYM
אורות כחולים,AVRVT_KHVLYM
אורות ליל שישי,AVRVT_LYL_SHYSHY
אוריקה,AVRYKH
אז בקיצור,AZ_BKYTSVR
אזור הדמדומים,AZVR_HDMDVMYM
אזיקים,AZYKYM
אחד מאיתנו משקר,AHD_MAYTNV_MSHKR
אחוות הזברה,AHVVT_HZBRH
אחוזת ביצ'האם,AHVZT_BYTSHAM
אחוזת דאונטון,AHVZT_DAVNTVN
אחוזת הווארד,AHVZT_HVVARD
אחות קטנה,AHVT_KTNH
אחותי בהפרעה,AHVTY_BHPRAH
אחיות,AHYVT
אחיות רעות,AHYVT_RAVT
אחיות רעות,AHYVT_RAVT
אחים בדם,AHYM_BDM
אחים ואחיות,AHYM_VAHYVT
אחים לנשק,AHYM_LNSHK
אחים לשידוכים,AHYM_LSHYDVKYM
אחרי השיטפון,AHRY_HSHYTPVN
אחת מיסיסיפי,AHT_MYSYSYPY
אחת שיודעת,AHT_SHYVDAT
אחת שיודעת 2021,AHT_SHYVDAT_2021
אטומי,ATVMY
אטלנטה,ATLNTH
אטלנטיס,ATLNTYS
אי אפשר בלי טד,AY_APSHR_BLI_TD
אי האהבה: אוסטרליה,AY_HAHBH_AVSTRLYH
"אי האהבה: ארה""ב",AY_HAHBH_ARHB
אי האהבה: בריטניה,AY_HAHBH_BRYTNYH
אי האהבה: ספרד,AY_HAHBH_SPRD
אי הדילים,AY_HDYLYM
אי הפיתויים,AY_HPYTVYYM
אי הצורות,AY_HTSVRVT
אי ללא חוק,AY_LLA_HVK
אי מציאות,AY_MTSYAVT
אי של שלווה,AY_SHEL_SHLVVH
איוואן האיום,AYVVAN_HAYVM
איזה בלגן השארת,AYZH_BLGN_HSHART
איי הפיראטים,AYY_HPYRATYM
איי זומבי,AYY_ZVMBY
איי פי בי,AYY_PY_BY
איי קנדי,AYY_KNDY
איי-קארלי,AYYKARLY
איי-קארלי 2021,AYYKARLY_2021
איי.ג'יי והמלכה,AYYGYY_VHMLKH
איידול,AYYDVL
אייל קטן,AYYL_KTN
איילה והמראות,AYYLH_VHMRAVT
איים אבודים,AYYM_ABVDYM
איים פראיים,AYYM_PRAYYM
איימי שומר,AYYMY_SHVMR
איירון הארט,AYYRVN_HART
איך ברחתי מהכת שלי,AYK_BRHTY_MHKT_SHLY
איך לבנות חדר סקס,AYK_LBNVT_HDR_SKS
איך לגדל גיבור-על,AYK_LGDL_GYBVRAL
איך להפוך לאלוהים,AYK_LHPVK_LALVHYM
איך להצליח באמריקה,AYK_LHTSLYH_BAMRYKH
איך למות לבד,AYK_LMVT_LBD
איך למכור סמים באינטרנט (במהירות),AYK_LMKVR_SMYM_BAYNTRNT_BMHYRVT
איך עושים את זה,AYK_AVSHYM_AT_ZH
איך פגשתי את אבא,AYK_PGSHTY_AT_ABA
איך פגשתי את אמא,AYK_PGSHTY_AT_AIMA
איליי סטון,AYLYY_STVN
אימה אמריקאית,AYMH_AMRYKAYT
אימהות עובדות,AYMHVT_AVBDVT
אימהות רעות,AYMHVT_RAVT
אימהות של פינגווינים,AYMHVT_SHEL_PYNGVVYNYM
אימפריה,AYMPRYH
אימפריית הבלינג: ניו יורק,AYMPRYYT_HBLYNG_NYV_YVRK
אימפריית הכאב,AYMPRYYT_HKAB
אימפריית הפשע,AYMPRYYT_HPSHA
אימת המתים המהלכים,AYMT_HMTYM_HMHLKYM
אין כניסה: האיזורים המסוכנים בעולם,AYN_KNYSH_HAYZVRYM_HMSVKNYM_BAVLM
אין לו אלוהים,AYN_LV_ALVHYM
אין מוצא,AYN_MVTSA
אין מוצא,AYN_MVTSA
אין קליטה,AYN_KLYTH
אינטליג'נס,AYNTLYGNS
אינסטינקט,AYNSTYNKT
אינפיניטי,AYNPYNYTY
איפה וונדה?,AYPH_VVNDH
אירוח דרומי,AYRVH_DRVMY
אירמה ופ,AYRMH_VP
איש המשפחה 2019,AYSH_HMSHPHH_2019
איש הניסים,AYSH_HNYSYM
איש העתיד,AYSH_HATYD
איש משפחה,AYSH_MSHPHH
איש קשר,AYSH_KSHR
אישה לראווה,AYSHH_LRAVVH
אישה מכובדת,AYSHH_MKVBDT
אל הלא נודע,AL_HLA_NVDA
אל המערב,AL_HMARB
אל מעבר לאוקיינוס,AL_MABR_LAVKYYNVS
אל סיד,AL_SYD
אל פופ,AL_PVP
אל צ'אפו,AL_TSAPV
אל תגיד כלום,AL_TGYD_KLVM
אל תוך הלילה,AL_TVK_HLYLH
אל תחקרי לעומק,AL_THKRY_LAVMK
אלגרה,ALGRH
אלה הם חיי,ALH_HM_HYY
אלה שהורגים,ALH_SHHVRGYM
אלה תולדות,ALH_TVLDVT
אלוהים שומר על טקסס,ALVHYM_SHVMR_AL_TKSS
אלופים,ALVPYM
אלזבת’,ALZBT
אלי,ALY
אליטה,ALYTH
אלים אמריקאים,ALYM_AMRYKAYM
אליס וג'ק,ALYS_VGK
אלכס וחבריו,ALKS_VHBRYV
אלכס ריידר,ALKS_RYYDR
אלכסה וקייטי,ALKSH_VKYYTY
אלכסה קרואו: בלשית פרטית,ALKSH_KRVAV_BLSHYT_PRTYT
אלמנה אדומה,ALMNH_ADVMH
אלמנות שחורות,ALMNVT_SHHVRVT
אלמנטרי,ALMNTRY
אלן נגד פארו,ALN_NGD_PARV
אלסקה דיילי,ALSKH_DYYLY
אלסקה: הדור הבא,ALSKH_HDVR_HBA
אלף,ALP
אלף מכות,ALP_MKVT
אלפאס,ALPAS
אלפונס,ALPVNS
אלקטרז,ALKTRZ
אלרט: היחידה לאיתור נעדרים,ALRT_HYHYDH_LAYTVR_NADRYM
אלת הנוכלות,ALT_HNVKLVT
אם אב ובן,AM_AB_VBN
אמא אמריקאית,AIMA_AMRYKAYT
אמא בהזמנה,AIMA_BHZMNH
אמא יקרה,AIMA_YKRH
אמבר בראון,AMBR_BRAVN
אמון,AMVN
אמונה טפלה,AMVNH_TPLH
אמילי אוונס,AMYLY_AVVNS
אמילי בפריז,AMYLY_BPRYZ
אמן הבריחה,AMN_HBRYHH
אמריקה הקטנה,AMRYKH_HKTNH
אמריקה מהאוויר,AMRYKH_MHAVVYR
אמריקה על הגריל,AMRYKH_AL_HGRYL
אמריקה על הגריל,AMRYKH_AL_HGRYL
אמת או אהבה,AMT_AV_AHBH
אמת או חובה,AMT_AV_HVBH
אמת או שקר,AMT_AV_SHKR
אמת וכוח,AMT_VKVH
אן עם הצמות,AN_AM_HTSMVT
אן-סי-איי-אס,ANSYAYYAS
אן-סי-איי-אס: הוואי,ANSYAYYAS_HVVAY
אן-סי-איי-אס: טוני וזיוה,ANSYAYYAS_TVNY_VZYVH
אן-סי-איי-אס: לוס אנג'לס,ANSYAYYAS_LVS_ANGLS
אן-סי-איי-אס: ניו אורלינס,ANSYAYYAS_NYV_AVRLYNS
אן-סי-איי-אס: ההתחלה,ANSYAYYAS_HHTHLH
אנג'ל,ANGL
אנג’לה בלאק,ANGLH_BLAK
אנדרדוגס,ANDRDVGS
אנושיים,ANVSHYYM
אנחנו,ANHNV
אנחנו כאן,ANHNV_KAN
אנחנו מי שאנחנו,ANHNV_MY_SHANHNV
אנטומיה של שערורייה,ANTVMYH_SHEL_SHARVRYYH
אני,ANY
אני אוהבת את דיק,ANY_AVHBT_AT_DYK
אני אף אחת,ANY_AP_AHT
אני ג'ורג'ינה,ANY_GVRGYNH
אני גרוט,ANY_GRVT
אני יודע מה עשית בקיץ האחרון,ANY_YVDA_MH_ASHYT_BKYTS_HAHRVN
אני כריסטיאנה פ.,ANY_KRYSTYANH_P
אני מזל בתולה,ANY_MZL_BTVLH
אני עם קיילי,ANY_AM_KYYLY
אני פרנקי,ANY_PRNKY
אני קלאודיוס,ANY_KLAVDYVS
אני רוצח,ANY_RVTSH
אניילה,ANYYLH
אנימניאקס,ANYMNYAKS
אנשי אלסקה הקשוחים,ANSHY_ALSKH_HKSHVHYM
אנשי הטלמרקטינג,ANSHY_HTLMRKTYNG
אנשי המחר,ANSHY_HMHR
אנשי הצללים,ANSHY_HTSLLYM
אנשים זוהרים ושמחים: סודות משפחת דאגר,ANSHYM_ZVHRYM_VSHMHYM_SVDVT_MSHPHT_DAGR
אנשים לבנים יקרים,ANSHYM_LBNYM_YKRYM
אנשים נורמליים,ANSHYM_NVRMLYYM
אנתרציט,ANTRTSYT
אס.אס-ג'י.בי,ASASGYBY
אסונות קטנים,ASVNVT_KTNYM
אסוקה,ASVKH
אסטריד ולילי מצילות את העולם,ASTRYD_VLYLY_MTSYLVT_AT_HAVLM
אסטריקס ואובליקס: הקרב הגדול,ASTRYKS_VAVBLYKS_HKRB_HGDVL
אספן העצמות: לינקולן,ASPN_HATSMVT_LYNKVLN
אספרגר זה אנחנו,ASPRGR_ZH_ANHNV
אף בי איי: אינטרנשיונל,AP_BY_AYY_AYNTRNSHYVNL
אף בי איי: המבוקשים ביותר,AP_BY_AYY_HMBVKSHYM_BYVTR
אף. בי. איי,AP_BY_AYY
אפוקליפסה עכשיו,APVKLYPSH_AKSHYV
אפיזודס,APYZVDS
אפל,APL
אפלוד,APLVD
אפלטוני,APLTVNY
אפריקה,APRYKH
אצולה,ATSVLH
אצלי הכל בסדר,ATSLY_HKL_BSDR
אקדמיה לריקוד,AKDMYH_LRYKVD
אקדמיית החממה,AKDMYYT_HHMMH
אקדמיית המטרייה,AKDMYYT_HMTRYYH
אקו,AKV
אקו 3,AKV_3
אקווינוקס,AKVVYNVKS
אקוומן: מלך אטלנטיס,AKVVMN_MLK_ATLNTYS
אקווריוס,AKVVRYVS
אקזיט,AKZYT
אקס והעיר הגדולה,AKS_VHAYR_HGDVLH
אקס מן 97',AKS_MN_97
אקס-מן: הדור הבא,AKSMN_HDVR_HBA
אקסטנט,AKSTNT
אקסטרה קסם,AKSTRH_KSM
אקסטרה קסם: עיר המסתורין,AKSTRH_KSM_AYR_HMSTVRYN
אקסטרפולציות,AKSTRPVLTSYVT
אקפולקו,AKPVLKV
ארבע העונות,ARBA_HAVNVT
ארבע חתונות ולוויה אחת,ARBA_HTVNVT_VLVVYH_AHT
ארבע עונות בהוואנה,ARBA_AVNVT_BHVVANH
ארוכה הדרך,ARVKH_HDRK
ארוכה הדרך הביתה,ARVKH_HDRK_HBYTH
ארוכה הדרך למטה,ARVKH_HDRK_LMTH
ארוכה הדרך למעלה,ARVKH_HDRK_LMALH
אריות הים,ARYVT_HYM
אריזה משפחתית,ARYZH_MSHPHTYT
ארין וארון,ARYN_VARVN
אריק,ARYK
ארכיון 81,ARKYVN_81
ארנבת שחורה,ARNBT_SHHVRH
ארץ הדמים,ARTS_HDMYM
ארץ הפלאות,ARTS_HPLAVT
ארץ לא ידועה,ARTS_LA_YDVAH
ארץ לאבקראפט,ARTS_LABKRAPT
ארץ לטעמי,ARTS_LTAMY
ארץ מובטחת,ARTS_MVBTHT
ארץ פראית מאוד,ARTS_PRAYT_MAVD
ארץ של נשים,ARTS_SHEL_NSHYM
ארצ'ר,ARTSR
ארצות הגאות,ARTSVT_HGAVT
ארק: הסדרה המצויירת,ARK_HSDRH_HMTSVYYRT
ארקיין,ARKYYN
אש נגד כוחות הרשע,ASH_NGD_KVHVT_HRSHA
אשמה,ASHMH
אשתו לשעבר,ASHTV_LSHABR
אשתו של הנוסע בזמן,ASHTV_SHEL_HNVSA_BZMN
את,AT
את האורח הבא אין צורך להציג - עם דיוויד לטרמן,AT_HAVRH_HBA_AYN_TSVRK_LHTSYG__AM_DYVVYD_LTRMN
את ואני,AT_VANY
אתגר הדיונון,ATGR_HDYVNVN
"אתגר הנינג'ה: ארה""ב",ATGR_HNYNGH_ARHB
אתה אני היא,ATH_ANY_HYA
"אתה, אני והאפוקליפסה",ATH_ANY_VHAPVKLYPSH
אתם לא מכירים אותי,ATM_LA_MKYRYM_AVTY
באג לייף: גרסת המציאות,BAG_LYYP_GRST_HMTSYAVT
באהבה,BAHBH
"באהבה, ויקטור",BAHBH_VYKTVR
"באהבה, קיטי",BAHBH_KYTY
באטוומן,BATVVMN
באטמן: לוחם בגלימה,BATMN_LVHM_BGLYMH
באלרד,BALRD
באנשי,BANSHY
באנשי: המקור,BANSHY_HMKVR
באפי ציידת הערפדים,BAPY_TSYYDT_HARPDYM
באפקיס,BAPKYS
בארי,BARY
בארסה: יותר ממועדון,BARSH_YVTR_MMVADVN
בארקסקינס,BARKSKYNS
בבילון ברלין,BBYLVN_BRLYN
בבלוק שלי,BBLVK_SHLY
בגוף ההוכחה,BGVP_HHVKHH
בגידה,BGYDH
בגידה,BGYDH
בגידה: עסק לא פתור,BGYDH_ASK_LA_PTVR
בגרות באימהות 2,BGRVT_BAYMHVT_2
בגרות באימהות: הפרק הבא,BGRVT_BAYMHVT_HPRK_HBA
בגרות באמהות בריטניה: הדור הבא,BGRVT_BAMHVT_BRYTNYH_HDVR_HBA
בגרות באמהות: מפגש משפחתי,BGRVT_BAMHVT_MPGSH_MSHPHTY
בדם שלנו,BDM_SHLNV
בדרך לפסגה: אוסטרליה,BDRK_LPSGH_AVSTRLYH
בובה רוסית,BVBH_RVSYT
בובות נייר,BVBVT_NYYR
בובספוג מכנס מרובע,BVBSPVG_MKNS_MRVBA
בוג'ק הורסמן,BVGK_HVRSMN
בוגדים,BVGDYM
בוגרי 2007,BVGRY_2007
בוגרת-כזה,BVGRTKZH
בודקין,BVDKYN
בוורלי הילס 90210,BVVRLY_HYLS_90210
"בוורלי הילס, 90210",BVVRLY_HYLS_90210
בוט-רצח,BVTRTSH
בול,BVL
בולרז,BVLRZ
בומטאון,BVMTAVN
בונדינג,BVNDYNG
בונז,BVNZ
בועות,BVAVT
בועטות,BVATVT
בועטות,BVATVT
בוקי,BVKY
בוקר אחד,BVKR_AHD
"בוקר טוב, אימא!",BVKR_TVB_AYMA
"בוקר טוב, ורוניקה",BVKR_TVB_VRVNYKH
בורדרלנד,BVRDRLND
בוריס,BVRYS
בוש,BVSH
בוש: מורשת,BVSH_MVRSHT
בושה: ספרד,BVSHH_SPRD
בזכות עצמה: בהשראת חייה של מאדאם סי.ג'יי ווקר,BZKVT_ATSMH_BHSHRAT_HYYH_SHEL_MADAM_SYGYY_VVKR
בחור חכם,BHVR_HKM
בחור מספר 8,BHVR_MSPR_8
בחורה רווקה שיכורה,BHVRH_RVVKH_SHYKVRH
בחזקת חף מפשע,BHZKT_HP_MPSHA
בחזרה אל האי,BHZRH_AL_HAY
בחזרה לסאו פאולו,BHZRH_LSAV_PAVLV
בחירות משלהן,BHYRVT_MSHLHN
בחר בי,BHR_BY
בחשיכה,BHSHYKH
בטי,BTY
בטי המכוערת,BTY_HMKVART
בטי המכוערת: הסיפור נמשך,BTY_HMKVART_HSYPVR_NMSHK
בטיפול,BTYPVL
בטלסטאר גלקטיקה,BTLSTAR_GLKTYKH
בי פלוס,BY_PLVS
ביג טיים ראש,BYG_TYYM_RASH
ביג שוט,BYG_SHVT
בידיים טובות,BYDYYM_TVBVT
בידיים שלכם,BYDYYM_SHLKM
ביה,BYH
ביזארדבארק,BYZARDBARK
ביחד ולחוד,BYHD_VLHVD
בייבי,BYYBY
בייבי,BYYBY
בייבי בום: בריטניה,BYYBY_BVM_BRYTNYH
בייבי דאדי,BYYBY_DADY
בייטס מוטל,BYYTS_MVTL
ביימקס!,BYYMKS
בילי ובילי,BYLY_VBYLY
בין הקצוות,BYN_HKTSVVT
ביצ'יות מבית טוב,BYTSYVT_MBYT_TVB
בית,BYT
בית דוד,BYT_DVD
בית דין לילי,BYT_DYN_LYLY
בית האימה,BYT_HAYMH
בית הבובות,BYT_HBVBVT
בית הדרקון,BYT_HDRKVN
בית החולים השני הכי טוב בגלקסיה,BYT_HHVLYM_HSHNY_HKY_TVB_BGLKSYH
בית המשפט,BYT_HMSHPT
בית הספר היסודי אבוט,BYT_HSPR_HYSVDY_ABVT
בית הקלפים,BYT_HKLPYM
בית הרשעים,BYT_HRSHAYM
בית ספר לאבירים,BYT_SPR_LABYRYM
בית ספר לאמניות לחימה,BYT_SPR_LAMNYVT_LHYMH
בית קיץ,BYT_KYTS
בית קיץ: האי מרתה'ס ויניארד,BYT_KYTS_HAY_MRTHS_VYNYARD
בית קרדשיאן,BYT_KRDSHYAN
ביתה המתוק של צ'י,BYTH_HMTVK_SHEL_TSY
בכלוב,BKLVB
בלאקווטר,BLAKVVTR
בלאקפול,BLAKPVL
בלב האוקיינוס,BLB_HAVKYYNVS
בלגן בבית,BLGN_BBYT
בלגרביה,BLGRBYH
בלגרביה: הפרק הבא,BLGRBYH_HPRK_HBA
בלה והבולדוגס,BLH_VHBVLDVGS
בלו מון,BLV_MVN
בלי לפגוע,BLI_LPGVA
בלייד: הסדרה,BLYYD_HSDRH
בלש אמיתי,BLSH_AMYTY
בלש הצללים,BLSH_HTSLLYM
בלשי הרפאים,BLSHY_HRPAYM
בלשית סדרתית,BLSHYT_SDRTYT
בלשית פרטית,BLSHYT_PRTYT
בלתאזר,BLTAZR
בלתי מנוצח,BLTY_MNVTSH
בלתי נראית,BLTY_NRAYT
בלתי נשכח,BLTY_NSHKH
בלתי פתור,BLTY_PTVR
במאפיה הורגים רק בקיץ,BMAPYH_HVRGYM_RK_BKYTS
במוקד המהפכה,BMVKD_HMHPKH
במחתרת,BMHTRT
במעמקי החקירה,BMAMKY_HHKYRH
במשפחות הכי טובות,BMSHPHVT_HKY_TVBVT
בן וקייט,BN_VKYYT
בן ממשיך,BN_MMSHYK
בן ערובה,BN_ARVBH
בן ערובה,BN_ARVBH
בנדידוס,BNDYDVS
בנות,BNVT
בנות ברשת,BNVT_BRSHT
בנות גילמור,BNVT_GYLMVR
בנות גילמור: שנה בחיים,BNVT_GYLMVR_SHNH_BHYYM
בנות הזהב,BNVT_HZHB
בנות הים של מקו,BNVT_HYM_SHEL_MKV
בנות לנצח,BNVT_LNTSH
בנות מיטפורד,BNVT_MYTPVRD
בנות סורפסייד,BNVT_SVRPSYYD
בני דודים לחיים,BNY_DVDYM_LHYYM
בני הרדי,BNY_HRDY
בני ערובה,BNY_ARVBH
בני ערובה,BNY_ARVBH
בניחוש חוקר,BNYHVSH_HVKR
בנסון,BNSVN
בנק במצור,BNK_BMTSVR
בנקאות פרטית,BNKAVT_PRTYT
בנקרופט,BNKRVPT
"בעזרת השף: ארה""ב",BAZRT_HSHP_ARHB
בעזרת השף: בריטניה,BAZRT_HSHP_BRYTNYH
בעיית שלושת הגופים,BAYYT_SHLVSHT_HGVPYM
בעלי היכולות,BALY_HYKVLVT
בעקבות הכסף,BAKBVT_HKSP
בעקבותיה,BAKBVTYH
בפטיסט,BPTYST
בפנים,BPNYM
בפנים: נווה מדבר,BPNYM_NVVH_MDBR
בקהאם,BKHAM
בקול רם,BKVL_RM
בקסטרום,BKSTRVM
בראון: הסיפור הלא יאמן בפורמולה 1,BRAVN_HSYPVR_HLA_YAMN_BPVRMVLH_1
בראקו,BRAKV
בראשית: העולם החדש,BRASHYT_HAVLM_HHDSH
ברוד סיטי,BRVD_SYTY
ברודצ'רץ',BRVDTSRTS
ברוכים הבאים לכדור הארץ,BRVKYM_HBAYM_LKDVR_HARTS
ברוכים הבאים למשפחה,BRVKYM_HBAYM_LMSHPHH
ברוכים הבאים לעדן,BRVKYM_HBAYM_LADN
ברוכים הבאים לפלת'וויל,BRVKYM_HBAYM_LPLTVVYL
ברוכים הבאים לצ'יפנדיילס,BRVKYM_HBAYM_LTSYPNDYYLS
ברוכים הבאים לרקסהאם,BRVKYM_HBAYM_LRKSHAM
ברוקלין תשע-תשע,BRVKLYN_TSHATSHA
ברטאון,BRTAVN
ברידג'רטון,BRYDGRTVN
ברידג'רטון: סיפורה של המלכה שרלוט,BRYDGRTVN_SYPVRH_SHEL_HMLKH_SHRLVT
בריטניה,BRYTNYH
ברלין,BRLYN
ברנסון,BRNSVN
ברק שחור,BRK_SHHVR
ברקודות,BRKVDVT
בשבילי אתם מתים,BSHBYLY_ATM_MTYM
בשורות טובות,BSHVRVT_TVBVT
בשירות החוק,BSHYRVT_HHVK
בשמלה זו: אטלנטה,BSHMLH_ZV_ATLNTH
בשמלה זו: בריטניה,BSHMLH_ZV_BRYTNYH
בשר ודם,BSHR_VDM
בשר ודם,BSHR_VDM
בת הזוג,BT_HZVG
בתוך בתי הסוהר הקשים בעולם,BTVK_BTY_HSVHR_HKSHYM_BAVLM
בתוך הבועה,BTVK_HBVAH
בתי הכלא המסוכנים בהיסטוריה,BTY_HKLA_HMSVKNYM_BHYSTVRYH
ג'ו,GV
ג'ו אקזוטיק נגד קרול,GV_AKZVTYK_NGD_KRVL
ג'ו פיקט,GV_PYKT
ג'ואי,GVAY
ג'ואן,GVAN
ג'ואן מארקדיה,GVAN_MARKDYH
ג'ולי ורוחות הרפאים,GVLY_VRVHVT_HRPAYM
ג'וליה,GVLYH
ג'ון אדאמס,GVN_ADAMS
ג'ון הנבל,GVN_HNBL
ג'ון מסינסנטי,GVN_MSYNSNTY
ג'ון קנדי,GVN_KNDY
ג'ונאס,GVNAS
ג'ונה מטונגה,GVNH_MTVNGH
ג'ונסטאון: טרור בג'ונגל,GVNSTAVN_TRVR_BGVNGL
ג'ורג' וושינגטון,GVRG_VVSHYNGTVN
ג'ורדי שור: חזרה למקורות,GVRDY_SHVR_HZRH_LMKVRVT
ג'ורדן,GVRDN
ג'ט,GT
ג'יימס קמרון - סיפורו של המדע הבדיוני,GYYMS_KMRVN__SYPVRV_SHEL_HMDA_HBDYVNY
ג'יימסטאון,GYYMSTAVN
ג'יין,GYYN
ג'יין אייר,GYYN_AYYR
ג'יין אייר 1983,GYYN_AYYR_1983
ג'יין הבתולה,GYYN_HBTVLH
ג'יני וג'ורג'יה,GYNY_VGVRGYH
"ג'מיי: נערת בי""ס פרטי",GMYY_NART_BYS_PRTY
ג'נט ג'קסון,GNT_GKSVN
ג'נטלמן במוסקבה,GNTLMN_BMVSKBH
ג'נטלמן ג'ק,GNTLMN_GK
ג'סי,GSY
ג'סיקה ג'ונס,GSYKH_GVNS
ג'ק אייריש,GK_AYYRYSH
ג'קיל,GKYL
ג'רוד,GRVD
גאווה ודעה קדומה,GAVVH_VDAH_KDVMH
גאווין וסטייסי,GAVVYN_VSTYYSY
גאולה,GAVLH
גאון,GAVN
גאונות על פי סטיבן הוקינג,GAVNVT_AL_PY_STYBN_HVKYNG
גבי דוראן: בייביסיטר לחייזרים,GBY_DVRAN_BYYBYSYTR_LHYYZRYM
גבינה ממשלתית,GBYNH_MMSHLTYT
גביע העולם של מסי: עלייתה של אגדה,GBYA_HAVLM_SHEL_MSY_ALYYTH_SHEL_AGDH
גבירתי הנשיא,GBYRTY_HNSHYA
גבעת הכלבים,GBAT_HKLBYM
גבעת ווטרשיפ,GBAT_VVTRSHYP
גבר במלואו,GBR_BMLVAV
גבר מי שנשאר אחרון,GBR_MY_SHNSHAR_AHRVN
גברים אמיתיים,GBRYM_AMYTYYM
גברים שבגברים,GBRYM_SHBGBRYM
גברת אמריקה,GBRT_AMRYKH
גברת ג'ורדן האחרת,GBRT_GVRDN_HAHRT
גברת דיוויס,GBRT_DYVVYS
גברת וילסון,GBRT_VYLSVN
גברת מייזל המופלאה,GBRT_MYYZL_HMVPLAH
גברת פלטשר,GBRT_PLTSHR
גדולה מהחיים,GDVLH_MHHYYM
גוד לאק צ'ארלי,GVD_LAK_TSARLY
גוונים של כחול,GVVNYM_SHEL_KHVL
גולד דיגר,GVLD_DYGR
גולדן בוי: סיפורו של אוסקר דה לה הויה,GVLDN_BVY_SYPVRV_SHEL_AVSKR_DH_LH_HVYH
גוליית,GVLYYT
גולשים בזמן,GVLSHYM_BZMN
גומורה,GVMVRH
גופה בשלג,GVPH_BSHLG
גורדון רמזי מבשל הרפתקה,GVRDVN_RMZY_MBSHL_HRPTKH
גורל: סאגת ווינX,GVRL_SAGT_VVYNX
גות'האם,GVTHAM
גזלייט,GZLYYT
גחלים,GHLYM
גיבורים,GYBVRYM
גיבורים נולדו מחדש,GYBVRYM_NVLDV_MHDSH
גיבורים סוררים,GYBVRYM_SVRRYM
גיהינום לרווקים,GYHYNVM_LRVVKYM
גיהנום על גלגלים,GYHNVM_AL_GLGLYM
גיירמו דל טורו מציג: חדר הפלאות,GYYRMV_DL_TVRV_MTSYG_HDR_HPLAVT
גירושים,GYRVSHYM
גירלבוס,GYRLBVS
גל של 30 מטר,GL_SHEL_30_MTR
גלוריה,GLVRYH
גלי,GLY
גלימה ופגיון,GLYMH_VPGYVN
גליץ',GLYTS
גלן מרטין,GLN_MRTYN
גמביט המלכה,GMBYT_HMLKH
גן חיות,GN_HYVT
גנב סמים,GNB_SMYM
גנים איטלקיים עם מונטי דון,GNYM_AYTLKYYM_AM_MVNTY_DVN
גרוויטי פולס,GRVVYTY_PVLS
גרוטסק,GRVTSK
גרזן קטן,GRZN_KTN
גרייס המופלאה,GRYYS_HMVPLAH
גרייס ופרנקי,GRYYS_VPRNKY
גרייסלנד,GRYYSLND
גרים,GRYM
גרינליף,GRYNLYP
גריסלדה,GRYSLDH
גריק,GRYK
גרנד ארמי,GRND_ARMY
גרנט,GRNT
"ד""ר אודיסיאה",DR_AVDYSYAH
"ד""ר מוות",DR_MVVT
"ד""ר מוות: הסיפור הלא מטופל",DR_MVVT_HSYPVR_HLA_MTVPL
ד״ר מוח,DR_MVH
"ד""ר פול המדהים",DR_PVL_HMDHYM
"ד""ר רוזווד",DR_RVZVVD
דאהמר: מפלצת: סיפורו של ג'פרי דאהמר,DAHMR_MPLTST_SYPVRV_SHEL_GPRY_DAHMR
דאלאס,DALAS
דבס,DBS
דברו עם הסוכן שלי,DBRV_AM_HSVKN_SHLY
דברים טובים,DBRYM_TVBYM
דברים מוזרים,DBRYM_MVZRYM
דברים קטנים,DBRYM_KTNYM
דברים קטנים יפים,DBRYM_KTNYM_YPYM
דגראסי: הכיתה הבאה,DGRASY_HKYTH_HBAH
דדווד,DDVVD
דדלוך,DDLVK
דה הילס: התחלות חדשות,DH_HYLS_HTHLVT_HDSHVT
דובאי בלינג,DVBAY_BLYNG
דודג'ר,DVDGR
דויטשלנד 83,DVYTSHLND_83
דול ואם,DVL_VAM
דולי פרטון: מיתרי הלב,DVLY_PRTVN_MYTRY_HLB
דולפייס,DVLPYYS
דום,DVM
דומינו דיי,DVMYNV_DYY
דומיניון,DVMYNYVN
דוני!,DVNY
דוסון קריק,DVSVN_KRYK
דופסיק,DVPSYK
דופק,DVPK
דוק,DVK
דוק 2025,DVK_2025
דוקטור דוגי קמלואה,DVKTVR_DVGY_KMLVAH
דוקטור הו,DVKTVR_HV
דוקטור הו 2005,DVKTVR_HV_2005
דוקטור מרטין,DVKTVR_MRTYN
דוקטור פוסטר,DVKTVR_PVSTR
דור הווי,DVR_HVVY
דור מזוין,DVR_MZVYN
דור מלחמה,DVR_MLHMH
דוריט הקטנה,DVRYT_HKTNH
דטרויט 1-8-7,DTRVYT_187
דטרויטרס,DTRVYTRS
דיאטלנד,DYATLND
דיארה מדטרויט,DYARH_MDTRVYT
דיג,DYG
דיג'ימון,DYGYMVN
דיוויד צ'ייס והסופרנוס,DYVVYD_TSYYS_VHSVPRNVS
דייב,DYYB
דייזי ג'ונס והסיקס,DYYZY_GVNS_VHSYKS
דייט מהגיהנום,DYYT_MHGYHNVM
דייס,DYYS
דיפ סטייט,DYP_STYYT
דיקטה,DYKTH
דיקינסון,DYKYNSVN
דירת שותפים,DYRT_SHVTPYM
דלי בויז,DLY_BVYZ
דם אמיתי,DM_AMYTY
דם ואוצרות,DM_VAVTSRVT
דם וכסף,DM_VKSP
דם ומים,DM_VMYM
דם חדש,DM_HDSH
דם סמיך,DM_SMYK
דם צעיר,DM_TSAYR
דמו של זאוס,DMV_SHEL_ZAVS
דמיאן,DMYAN
דן הדוור: שירות משלוחים מיוחד,DN_HDVVR_SHYRVT_MSHLVHYM_MYVHD
דנג'ר מאוס,DNGR_MAVS
דס,DS
דקמרון,DKMRVN
דקסטר,DKSTR
דקסטר: דם חדש,DKSTR_DM_HDSH
דקסטר: החטא הקדמון,DKSTR_HHTA_HKDMVN
דקסטר: התחייה,DKSTR_HTHYYH
דרגה סודית,DRGH_SVDYT
דרגון בול ג'י-טי,DRGVN_BVL_GYTY
דרגון בול דאימה,DRGVN_BVL_DAYMH
דרגון בול זי,DRGVN_BVL_ZY
דרגון בול סופר,DRGVN_BVL_SVPR
דרדוויל,DRDVVYL
דרדוויל: נולד מחדש,DRDVVYL_NVLD_MHDSH
דרוש גיבור,DRVSH_GYBVR
דריה,DRYH
דרייב עם סוויס ביטס,DRYYB_AM_SVVYS_BYTS
דרייק וג'וש,DRYYK_VGVSH
דרך ארוכה הביתה,DRK_ARVKH_HBYTH
דרך המלך,DRK_HMLK
דרך רידלי,DRK_RYDLY
דרכים משונות,DRKYM_MSHVNVT
דרמה קלאב,DRMH_KLAB
דרק,DRK
דרקולה,DRKVLH
דרקולה,DRKVLH
דרקון לבן,DRKVN_LBN
האגדות החדשות על מאנקי,HAGDVT_HHDSHVT_AL_MANKY
האדם הלא נכון,HADM_HLA_NKVN
האדם נגד הדבורה,HADM_NGD_HDBVRH
האהבה היא עיוורת,HAHBH_HYA_AYVVRT
"האהבה היא עיוורת, חביבי",HAHBH_HYA_AYVVRT_HBYBY
האהבה היא עיוורת: ארגנטינה,HAHBH_HYA_AYVVRT_ARGNTYNH
האהבה היא עיוורת: ברזיל,HAHBH_HYA_AYVVRT_BRZYL
האהבה היא עיוורת: בריטניה,HAHBH_HYA_AYVVRT_BRYTNYH
האהבה היא עיוורת: גרמניה,HAHBH_HYA_AYVVRT_GRMNYH
האהבה היא עיוורת: מקסיקו,HAHBH_HYA_AYVVRT_MKSYKV
האהבה היא עיוורת: שוודיה,HAHBH_HYA_AYVVRT_SHVVDYH
האהבה לא משקרת,HAHBH_LA_MSHKRT
האהבה לא משקרת: דרום אפריקה,HAHBH_LA_MSHKRT_DRVM_APRYKH
האהבה לא משקרת: סרדיניה,HAHBH_LA_MSHKRT_SRDYNYH
האהבה לא משקרת: פולין,HAHBH_LA_MSHKRT_PVLYN
האו.סי.,HAVSY
האוהבים,HAVHBYM
האוהל האדום,HAVHL_HADVM
האוטובוס האחרון,HAVTVBVS_HAHRVN
האויב שבפנים,HAVYB_SHBPNYM
האולטימטום: אהבה קווירית,HAVLTYMTVM_AHBH_KVVYRYT
האולטימטום: דרום אפריקה,HAVLTYMTVM_DRVM_APRYKH
האולטימטום: חתונה או פרידה,HAVLTYMTVM_HTVNH_AV_PRYDH
האולטימטום: צרפת,HAVLTYMTVM_TSRPT
האולפן,HAVLPN
האוס,HAVS
האור שלא כבה,HAVR_SHLA_KBH
האורוויל,HAVRVVYL
האזור החם,HAZVR_HHM
האחות,HAHVT
האחות ג'קי,HAHVT_GKY
האחות האחרת,HAHVT_HAHRT
האחות הטובה יותר,HAHVT_HTVBH_YVTR
האחיות גרים,HAHYVT_GRYM
האחיות ספנסר,HAHYVT_SPNSR
האחיזה הסינגפורית,HAHYZH_HSYNGPVRYT
האחים,HAHYM
האחים הרוצחים מננדז: הסיפור האמיתי,HAHYM_HRVTSHYM_MNNDZ_HSYPVR_HAMYTY
האחים סאן,HAHYM_SAN
האחרונים מבינינו,HAHRVNYM_MBYNYNV
האטרנאוט,HATRNAVT
האי של הרפר,HAY_SHEL_HRPR
האימה,HAYMH
האירוע,HAYRVA
האירועים הגדולים של הטבע,HAYRVAYM_HGDVLYM_SHEL_HTBA
האיש במצודה הרמה,HAYSH_BMTSVDH_HRMH
האיש האחרון בעולם,HAYSH_HAHRVN_BAVLM
האיש השווה מיליונים,HAYSH_HSHVVH_MYLYVNYM
האיש שבפנים,HAYSH_SHBPNYM
האיש שלי בפנים,HAYSH_SHLY_BPNYM
האיש שנפל מכוכב אחר,HAYSH_SHNPL_MKVKB_AHR
האישה באגם,HAYSHH_BAGM
האישה הביונית,HAYSHH_HBYVNYT
האישה הטובה,HAYSHH_HTVBH
האישה מהבית שממול לבחורה בחלון,HAYSHH_MHBYT_SHMMVL_LBHVRH_BHLVN
האישה שבקיר,HAYSHH_SHBKYR
האכזבה,HAKZBH
האלמנה,HALMNH
האם ראיתם את האיש הזה?,HAM_RAYTM_AT_HAYSH_HZH
האמהות הטובות,HAMHVT_HTVBVT
האמיצים,HAMYTSYM
האמריקאים,HAMRYKAYM
האמת,HAMT
האמת מאחורי התעלומות הגדולות,HAMT_MAHVRY_HTALVMVT_HGDVLVT
האמת על פרשת הארי קוברט,HAMT_AL_PRSHT_HARY_KVBRT
האנגליה,HANGLYH
האנה,HANH
האנה מונטנה,HANH_MVNTNH
האנטומיה של גריי,HANTVMYH_SHEL_GRYY
האני שאינכם יכולים לראות,HANY_SHAYNKM_YKVLYM_LRAVT
האנרכיסטים,HANRKYSTYM
האס,HAS
האסדה,HASDH
האסטרונאוטים,HASTRVNAVTYM
האסיר,HASYR
האפטר-פארטי,HAPTRPARTY
האפי פייס,HAPY_PYYS
האפילנד,HAPYLND
האפיפיור החדש,HAPYPYVR_HHDSH
האפיפיור הצעיר,HAPYPYVR_HTSAYR
האקדמיה להתעמלות: עוד סיכוי,HAKDMYH_LHTAMLVT_AVD_SYKVY
האקדמיה של פורמולה 1,HAKDMYH_SHEL_PVRMVLH_1
האקס,HAKS
האקסית המטורפת,HAKSYT_HMTVRPT
הארט מת לחיות,HART_MT_LHYVT
הארטלנד,HARTLND
האריות מסיציליה,HARYVT_MSYTSYLYH
הארלי באמצע,HARLY_BAMTSA
הארלם,HARLM
הארלם על הקרח,HARLM_AL_HKRH
האתגר: אולסטארס,HATGR_AVLSTARS
הבאקנירס,HBAKNYRS
"הבוגדים: ארה""ב",HBVGDYM_ARHB
הבוסים החדשים,HBVSYM_HHDSHYM
הבורחים,HBVRHYM
הבזק של רצח,HBZK_SHEL_RTSH
הבחור הרע,HBHVR_HRA
הבחורה החדשה,HBHVRH_HHDSHH
הבחורה השחורה השנייה,HBHVRH_HSHHVRH_HSHNYYH
הבחורים הטובים,HBHVRYM_HTVBYM
הבטן הרכה,HBTN_HRKH
הביטלס: גט באק,HBYTLS_GT_BAK
הביסטמאסטר האולטימטיבי,HBYSTMASTR_HAVLTYMTYBY
הביץ' מדירה 23,HBYTS_MDYRH_23
הבית,HBYT
הבית של סדאם,HBYT_SHEL_SDAM
הבית של רייבן,HBYT_SHEL_RYYBN
הבית שלנו,HBYT_SHLNV
הביתה לפני החשכה,HBYTH_LPNY_HHSHKH
הבכי,HBKY
הבלש מאיסטנבול,HBLSH_MAYSTNBVL
הבלש מצ'לסי,HBLSH_MTSLSY
הבלש של אגאתה כריסטי,HBLSH_SHEL_AGATH_KRYSTY
הבלתי אנושיים,HBLTY_ANVSHYYM
הבלתי חשודות,HBLTY_HSHVDVT
הבלתי רגילים,HBLTY_RGYLYM
הבן,HBN
הבן האובד,HBN_HAVBD
הבן המורד והשטן בעצמו,HBN_HMVRD_VHSHTN_BATSMV
הבנים,HBNYM
הבנים מציגים: שטני,HBNYM_MTSYGYM_SHTNY
הבנקאי והפצצה,HBNKAY_VHPTSTSH
הברדלס,HBRDLS
הבריחה מדנמורה,HBRYHH_MDNMVRH
הבריחות הגדולות עם מורגן פרימן,HBRYHVT_HGDVLVT_AM_MVRGN_PRYMN
הבשורה בחצות,HBSHVRH_BHTSVT
"הבת של רוה""מ",HBT_SHEL_RVHM
הג'ינקס,HGYNKS
הג'נטלמן האחרון,HGNTLMN_HAHRVN
הג'נטלמנים,HGNTLMNYM
הגבול האחרון,HGBVL_HAHRVN
הגביע הגנוב,HGBYA_HGNVB
הגברות הראשונות,HGBRVT_HRASHVNVT
הגולדברגים,HGVLDBRGYM
הגולש הכסוף,HGVLSH_HKSVP
הגופה,HGVPH
הגורם האנושי,HGVRM_HANVSHY
הגיבור האחרון,HGYBVR_HAHRVN
הגיסות,HGYSVT
הגליידס,HGLYYDS
הגלימה,HGLYMH
"הגנב, אשתו והקאנו",HGNB_ASHTV_VHKANV
הגנן,HGNN
הגריפון,HGRYPVN
הגשם,HGSHM
הגשר,HGSHR
הגשר,HGSHR
הדבר האחרון שאמר לי,HDBR_HAHRVN_SHAMR_LY
הדוב,HDVB
הדיבר השישי,HDYBR_HSHYSHY
הדיילת,HDYYLT
הדילמה של לינקולן,HDYLMH_SHEL_LYNKVLN
הדיפלומטית,HDYPLVMTYT
הדקה התשעים,HDKH_HTSHAYM
הדרך,HDRK
הדרך האדומה,HDRK_HADVMH
הדרך הביתה,HDRK_HBYTH
הדרך הצרה אל הצפון העמוק,HDRK_HTSRH_AL_HTSPVN_HAMVK
הדרקון: שובו של לוחם,HDRKVN_SHVBV_SHEL_LVHM
ההודאה,HHVDAH
ההונאה הגדולה,HHVNAH_HGDVLH
ההורים גרים ממול,HHVRYM_GRYM_MMVL
ההחלפה,HHHLPH
ההיסטוריה המטורפת של העולם: חלק 2,HHYSTVRYH_HMTVRPT_SHEL_HAVLM_HLK_2
ההיסטוריה של האימה,HHYSTVRYH_SHEL_HAYMH
ההיסטוריה של הסיטקום,HHYSTVRYH_SHEL_HSYTKVM
ההיסטוריה של הקומדיה,HHYSTVRYH_SHEL_HKVMDYH
ההיעלמות,HHYALMVT
ההמבורגרים של בוב,HHMBVRGRYM_SHEL_BVB
ההריגה,HHRYGH
ההריגה,HHRYGH
ההרעלות בסולסברי,HHRALVT_BSVLSBRY
ההרפתקאות המומצאות לחלוטין של דיק טרופין,HHRPTKAVT_HMVMTSAVT_LHLVTYN_SHEL_DYK_TRVPYN
ההרפתקאות שלי עם סופרמן,HHRPTKAVT_SHLY_AM_SVPRMN
ההתרסקות,HHTRSKVT
הוא חייב למות,HVA_HYYB_LMVT
הוד מלכותך,HVD_MLKVTK
הודאה מוקלטת,HVDAH_MVKLTT
הוואי 5-0,HVVAY_50
הוואלי,HVVALY
הווינצ'סטרים,HVVYNTSSTRYM
הוושינגטונים,HVVSHYNGTVNYM
הוחלפו בלידתן,HVHLPV_BLYDTN
הוטל קוקאין,HVTL_KVKAYN
הויקינגים,HVYKYNGYM
הולי הובי,HVLY_HVBY
הוליווד,HVLYVVD
הוליווד מדיום,HVLYVVD_MDYVM
הוליווד סינגלס,HVLYVVD_SYNGLS
הולינגטון דרייב,HVLYNGTVN_DRYYB
הומלנד,HVMLND
הומקאמינג,HVMKAMYNG
הון שלטון,HVN_SHLTVN
הונאה מובטחת,HVNAH_MVBTHT
הוקאיי,HVKAYY
הוראס ופיט,HVRAS_VPYT
הורי כדורגל,HVRY_KDVRGL
הורים במשרה מלאה,HVRYM_BMSHRH_MLAH
הורים בקושי,HVRYM_BKVSHY
הוריקן קטרינה: מרוץ נגד הזמן,HVRYKN_KTRYNH_MRVTS_NGD_HZMN
הזדמנות חוזרת,HZDMNVT_HVZRT
הזהב,HZHB
הזהב האבוד של מלחמת העולם השנייה,HZHB_HABVD_SHEL_MLHMT_HAVLM_HSHNYYH
הזוג המוזר,HZVG_HMVZR
הזוג המושלם,HZVG_HMVSHLM
הזוג ממול,HZVG_MMVL
"הזוג, הכנופייה וחצי טון סמים",HZVG_HKNVPYYH_VAHEZI_TVN_SMYM
הזוהרת,HZVHRT
הזומבים של מארוול,HZVMBYM_SHEL_MARVVL
הזיווג המושלם,HZYVVG_HMVSHLM
"הזמר במסכה: ארה""ב",HZMR_BMSKH_ARHB
הזקן,HZKN
הזר,HZR
החבובות,HHBVBVT
החבובות: מהומה,HHBVBVT_MHVMH
החבורה מרחוב בייקר,HHBVRH_MRHVB_BYYKR
החבר'ה מפארק הקרוונים,HHBRH_MPARK_HKRVVNYM
החבר'ה מפארק הקרוונים: קסם של פטריות,HHBRH_MPARK_HKRVVNYM_KSM_SHEL_PTRYVT
החברה הגאונה שלי,HHBRH_HGAVNH_SHLY
החברים והשכנים שלך,HHBRYM_VHSHKNYM_SHLK
החדר האבוד,HHDR_HABVD
החדר הצפוף,HHDR_HTSPVP
החווה,HHVVH
"החווה המדהימה של ד""ר פול",HHVVH_HMDHYMH_SHEL_DR_PVL
החווה של קלארקסון,HHVVH_SHEL_KLARKSVN
החוטאים,HHVTAYM
החוליגן,HHVLYGN
החונקים מהילסייד,HHVNKYM_MHYLSYYD
החוף,HHVP
החוף הצפוני,HHVP_HTSPVNY
החוקים של אנגל,HHVKYM_SHEL_ANGL
החטא,HHTA
החטא הקדמון,HHTA_HKDMVN
החטאים שלה,HHTAYM_SHLH
החטיפה של פיל פריסקו,HHTYPH_SHEL_PYL_PRYSKV
החיה,HHYH
החיה המסוכנת מכולם,HHYH_HMSVKNT_MKVLM
החיות המופלאות של אמריקה,HHYVT_HMVPLAVT_SHEL_AMRYKH
החיים בדם קר,HHYYM_BDM_KR
החיים בסבך,HHYYM_BSBK
החיים בקאט,HHYYM_BKAT
החיים היפים על הסיפון,HHYYM_HYPYM_AL_HSYPVN
החיים היפים של זאק וקודי,HHYYM_HYPYM_SHEL_ZAK_VKVDY
החיים המופלאים של נשות בוליווד,HHYYM_HMVPLAYM_SHEL_NSHVT_BVLYVVD
החיים הסודיים של החיות,HHYYM_HSVDYYM_SHEL_HHYVT
החיים הסודיים של נשות המורמונים,HHYYM_HSVDYYM_SHEL_NSHVT_HMVRMVNYM
החיים הקשים של אר ג'יי בר,HHYYM_HKSHYM_SHEL_AR_GYY_BR
החיים ובת',HHYYM_VBT
החיים על פי ג'ים,HHYYM_AL_PY_GYM
החיים על פי נד,HHYYM_AL_PY_ND
החיים על פי קיילי,HHYYM_AL_PY_KYYLY
החיים על פני האדמה,HHYYM_AL_PNY_HADMH
החיים על-פי רוקו,HHYYM_ALPY_RVKV
החיים עצמם,HHYYM_ATSMM
החיפוש,HHYPVSH
החלון,HHLVN
החמישיה,HHMYSHYH
החמישייה הפותחת,HHMYSHYYH_HPVTHT
החפרפרת,HHPRPRT
החץ,HHTS
החצר האחורית של גן עדן,HHTSR_HAHVRYT_SHEL_GN_ADN
החקירה,HHKYRH
החקירה של ריי,HHKYRH_SHEL_RYY
החקירות של ויסטינג,HHKYRVT_SHEL_VYSTYNG
החרשנים,HHRSHNYM
החשוד העיקרי,HHSHVD_HAYKRY
החשודים,HHSHVDYM
החשודים,HHSHVDYM
החתולות באות,HHTVLVT_BAVT
הטבחית מקסטמאר,HTBHYT_MKSTMAR
הטוב ביותר,HTVB_BYVTR
הטובות למשטרת אל איי,HTVBVT_LMSHTRT_AL_AYY
הטובות לקרב,HTVBVT_LKRB
הטיטניק,HTYTNYK
הטייס הבלתי נראה,HTYYS_HBLTY_NRAH
הטייקון האחרון,HTYYKVN_HAHRVN
הטיפש הזה,HTYPSH_HZH
הטיק,HTYK
הטירה של טקאשי,HTYRH_SHEL_TKASHY
הטירון,HTYRVN
הטירון: סוכנת חדשה,HTYRVN_SVKNT_HDSHH
הטירוף,HTYRVP
הטפילד ומק'קוי,HTPYLD_VMKKVY
הי-מן ושליטי היקום,HYMN_VSHLYTY_HYKVM
היום השלישי,HYVM_HSHLYSHY
היום שאחרי,HYVM_SHAHRY
היונים השחורות,HYVNYM_HSHHVRVT
היוניקורן,HYVNYKVRN
היועץ,HYVATS
היועצת,HYVATST
היופי שבמדע: לפני ואחרי,HYVPY_SHBMDA_LPNY_VAHRY
היחידה,HYHYDH
היט מאנקי,HYT_MANKY
היטלר והנאצים: רשע על דוכן הנאשמים,HYTLR_VHNATSYM_RSHA_AL_DVKN_HNASHMYM
היי דזרט,HYY_DZRT
היי סקול מיוזיקל: המחזמר: הסדרה,HYY_SKVL_MYVZYKL_HMHZMR_HSDRH
הייבן,HYYBN
היילו,HYYLV
היינו בני המזל,HYYNV_BNY_HMZL
היינו שקרנים,HYYNV_SHKRNYM
הייפ האוס,HYYP_HAVS
היית צריכה לדעת,HYYT_TSRYKH_LDAT
הייתי שם,HYYTY_SHM
הילארי,HYLARY
הילד שלא היה,HYLD_SHLA_HYH
הילדה,HYLDH
הילדים במסדרון,HYLDYM_BMSDRVN
הילדים בסדר,HYLDYM_BSDR
הילדים האבודים של אטלנטה,HYLDYM_HABVDYM_SHEL_ATLNTH
הימור,HYMVR
הימים האחרונים של עידן החלל,HYMYM_HAHRVNYM_SHEL_AYDN_HHLL
הינטרלנד,HYNTRLND
היסטריה,HYSTRYH
היעלמות,HYALMVT
היעלמות כפולה,HYALMVT_KPVLH
היעלמותה של נטלי הולווי,HYALMVTH_SHEL_NTLY_HVLVVY
היעלמותה של קימי דיור,HYALMVTH_SHEL_KYMY_DYVR
היפה והחיה,HYPH_VHHYH
היצור מן הביצה,HYTSVR_MN_HBYTSH
הירושה,HYRVSHH
"הישרדות: ארה""ב",HYSHRDVT_ARHB
הכוכב האנושי,HKVKB_HANVSHY
הכוכב הכחול,HKVKB_HKHVL
הכול או כלום: יובנטוס,HKVL_AV_KLVM_YVBNTVS
הכול ועכשיו,HKVL_VAKSHYV
הכח,HKH
הכי גאים שיש (2022),HKY_GAYM_SHYSH_2022
הכי גרועים שיש,HKY_GRVAYM_SHYSH
הכי רעשנים,HKY_RASHNYM
הכיסוי,HKYSVY
הכל או כלום: טוטנהאם הוטספר,HKL_AV_KLVM_TVTNHAM_HVTSPR
הכל או לא כלום: ארסנל,HKL_AV_LA_KLVM_ARSNL
הכל אודות אווה,HKL_AVDVT_AVVH
הכל אודות פאם,HKL_AVDVT_PAM
הכל בשבילה,HKL_BSHBYLH
הכל טוב,HKL_TVB
הכל יהיה בסדר,HKL_YHYH_BSDR
הכל נשאר במשפחה,HKL_NSHAR_BMSHPHH
הכל על הפנים,HKL_AL_HPNYM
הכלבים של ברלין,HKLBYM_SHEL_BRLYN
הכריש,HKRYSH
הכרמים של לה טמפלאנזה,HKRMYM_SHEL_LH_TMPLANZH
הכתר,HKTR
הכתר חלול,HKTR_HLVL
הלב המסומן,HLB_HMSVMN
הלב של סאליבן,HLB_SHEL_SALYBN
הלב של סרחיו ראמוס,HLB_SHEL_SRHYV_RAMVS
הלו ליידיז,HLV_LYYDYZ
הלווה בוס,HLVVH_BVS
הלוחמת והטרול,HLVHMT_VHTRVL
הלוחשת לרוחות,HLVHSHT_LRVHVT
הלוטוס הלבן,HLVTVS_HLBN
הלוכדים: מצוד אחר רוצחים,HLVKDYM_MTSVD_AHR_RVTSHYM
הלוק החדש,HLVK_HHDSH
הליגה,HLYGH
הליוס,HLYVS
הליידי והדייל,HLYYDY_VHDYYL
הלייקרס: קבוצה מנצחת,HLYYKRS_KBVTSH_MNTSHT
הלילה האחרון בטרמור,HLYLH_HAHRVN_BTRMVR
הלילה של לארה,HLYLH_SHEL_LARH
הליצן העצוב,HLYTSN_HATSVB
הליקס,HLYKS
הלסטון,HLSTVN
הלסטורם,HLSTVRM
הם,HM
המאה,HMAH
המאורות,HMAVRVT
המאסטרו והים,HMASTRV_VHYM
המאתר,HMATR
המגדל,HMGDL
המגדלים הגבוהים,HMGDLYM_HGBVHYM
המגן,HMGN
המגן,HMGN
המגנים,HMGNYM
המגנים,HMGNYM
המדרגות,HMDRGVT
המדריך לגבר,HMDRYK_LGBR
המדריך לחיים בניו יורק,HMDRYK_LHYYM_BNYV_YVRK
המדריך לרוצח,HMDRYK_LRVTSH
המדריך לרצח לילדות טובות,HMDRYK_LRTSH_LYLDVT_TVBVT
המהפכה,HMHPKH
המובסים,HMVBSYM
המודיע,HMVDYA
המוסד,HMVSD
המוסקטרים,HMVSKTRYM
המועמד,HMVAMD
המופע של משפחת ד'אמליו,HMVPA_SHEL_MSHPHT_DAMLYV
המופע של סנופי,HMVPA_SHEL_SNVPY
המופע של ריקי ג'רווייס,HMVPA_SHEL_RYKY_GRVVYYS
המופע של רן וסטימפי,HMVPA_SHEL_RN_VSTYMPY
המורדים: הדור הבא,HMVRDYM_HDVR_HBA
המורדת,HMVRDT
המורה,HMVRH
המורה לאנגלית,HMVRH_LANGLYT
המושבה,HMVSHBH
המושבעים,HMVSHBAYM
המושיעים,HMVSHYAYM
המושכים בחוטים,HMVSHKYM_BHVTYM
המזח,HMZH
המזל של האנק,HMZL_SHEL_HANK
המחלה,HMHLH
המחנה של סנופי,HMHNH_SHEL_SNVPY
המטופל,HMTVPL
המטורפים,HMTVRPYM
המטיף,HMTYP
המטפל על-פי סבסטיאן פיצק,HMTPL_ALPY_SBSTYAN_PYTSK
המטרה: פריז,HMTRH_PRYZ
המים הצפוניים,HMYM_HTSPVNYYM
המיק,HMYK
המירוץ העולמי לדראג של רו פול,HMYRVTS_HAVLMY_LDRAG_SHEL_RV_PVL
המירוץ לאתמול,HMYRVTS_LATMVL
המירוץ לדראג של רו פול: אולסטארס,HMYRVTS_LDRAG_SHEL_RV_PVL_AVLSTARS
המירוץ לדראג של רו פול: בריטניה,HMYRVTS_LDRAG_SHEL_RV_PVL_BRYTNYH
המירוץ לדראג של רו פול: הכל בחוץ,HMYRVTS_LDRAG_SHEL_RV_PVL_HKL_BHVTS
המישור,HMYSHVR
המכון,HMKVN
המכונות שבנו את אמריקה,HMKVNVT_SHBNV_AT_AMRYKH
המכשף,HMKSHP
המכשפה הכי גרועה,HMKSHPH_HKY_GRVAH
המכשפה הכי גרועה,HMKSHPH_HKY_GRVAH
המכשפות של איסט אנד,HMKSHPVT_SHEL_AYST_AND
המכשפים מווברלי פלייס,HMKSHPYM_MVVBRLY_PLYYS
המכשפים מווייברלי פלייס הדור הבא,HMKSHPYM_MVVYYBRLY_PLYYS_HDVR_HBA
המלאך המוזר,HMLAK_HMVZR
המלון של פולטי,HMLVN_SHEL_PVLTY
המלך האדום,HMLK_HADVM
המלך היל,HMLK_HYL
המלכותיים,HMLKVTYYM
המלכים של יוהנסבורג,HMLKYM_SHEL_YVHNSBVRG
הממלכה,HMMLKH
הממלכה האחרונה,HMMLKH_HAHRVNH
הממלכה האחרת,HMMLKH_HAHRT
הממלכה הקטנה,HMMLKH_HKTNH
הממלכה הקטנה בארה,HMMLKH_HKTNH_BARH
הממשלה,HMMSHLH
המנגנון,HMNGNVN
המנדלוריאן,HMNDLVRYAN
המנהל,HMNHL
המנטליסט,HMNTLYST
המסדר,HMSDR
המסך הירוק,HMSK_HYRVK
המסלול הבוער,HMSLVL_HBVAR
המסע הגדול,HMSA_HGDVL
המסע לתהילה,HMSA_LTHYLH
המעגל הסודי,HMAGL_HSVDY
"המעגל: ארה""ב",HMAGL_ARHB
המעגל: ברזיל,HMAGL_BRZYL
המעגל: צרפת,HMAGL_TSRPT
המעון,HMAVN
המעניש,HMANYSH
המעקב,HMAKB
המערב האמריקאי,HMARB_HAMRYKAY
המערב הפרוע של קווין קוסטנר,HMARB_HPRVA_SHEL_KVVYN_KVSTNR
המפענחת,HMPANHT
המפענחת: פשעים חמורים,HMPANHT_PSHAYM_HMVRYM
המפץ הגדול,HMPTS_HGDVL
המפצחת,HMPTSHT
המפרץ,HMPRTS
המפתחות של משפחת לוק,HMPTHVT_SHEL_MSHPHT_LVK
המצוד,HMTSVD
המצוד,HMTSVD
המציצנית,HMTSYTSNYT
המקום הטוב,HMKVM_HTVB
המקוריים,HMKVRYYM
המקעקע מאושוויץ,HMKAKA_MAVSHVVYTS
המרגל,HMRGL
המרגלים מוושינגטון,HMRGLYM_MVVSHYNGTVN
המרדף אחרי האהבה,HMRDP_AHRY_HAHBH
המרדף עם בר גרילס,HMRDP_AM_BR_GRYLS
המרוץ הקשה בעולם: אקו צ'אלנג' פיג'י,HMRVTS_HKSHH_BAVLM_AKV_TSALNG_PYGY
המירוץ לדראג של רו פול,HMYRVTS_LDRAG_SHEL_RV_PVL
המרעה המערבי,HMRAH_HMARBY
המשובשים,HMSHVBSHYM
המשוחרר,HMSHVHRR
המשחק האנגלי,HMSHHK_HANGLY
המשחרר: מבצע אוולאנש,HMSHHRR_MBTSA_AVVLANSH
המשטר,HMSHTR
המשימה הראשונה,HMSHYMH_HRASHVNH
המשלח: הסדרה,HMSHLH_HSDRH
המשמר,HMSHMR
המשמרת,HMSHMRT
המשפחה,HMSHPHH
"המשפחה הכי מאושרת בארה""ב",HMSHPHH_HKY_MAVSHRT_BARHB
המשפחה המקוללת,HMSHPHH_HMKVLLT
המשפט,HMSHPT
המשפט הרביעי,HMSHPT_HRBYAY
המשפט של כריסטין קילר,HMSHPT_SHEL_KRYSTYN_KYLR
המשפט של פי דידי: בזמן אמת,HMSHPT_SHEL_PY_DYDY_BZMN_AMT
המשפיענים של ביירון ביי,HMSHPYANYM_SHEL_BYYRVN_BYY
המשרד 2024,HMSHRD_2024
המשרד לעניינים קסומים,HMSHRD_LANYYNYM_KSVMYM
"המשרד: ארה""ב",HMSHRD_ARHB
המתווכים של מרבייה,HMTVVKYM_SHEL_MRBYYH
המתופפת הקטנה,HMTVPPT_HKTNH
המתים המהלכים,HMTYM_HMHLKYM
המתים המהלכים: אלה שחיים,HMTYM_HMHLKYM_ALH_SHHYYM
המתים המהלכים: דריל דיקסון,HMTYM_HMHLKYM_DRYL_DYKSVN
המתים המהלכים: עיר המתים,HMTYM_HMHLKYM_AYR_HMTYM
המתמחה,HMTMHH
המתנקשים,HMTNKSHYM
המתנקשת,HMTNKSHT
הנבחרים,HNBHRYM
הנבלים מהוואלי,HNBLYM_MHVVALY
הנגיף,HNGYP
הנדבן,HNDBN
הנדידה הגדולה,HNDYDH_HGDVLH
הנהר,HNHR
הנובוריצ'ים,HNVBVRYTSYM
הנוסע השמיני: כדור הארץ,HNVSA_HSHMYNY_KDVR_HARTS
הנוסעים בזמן,HNVSAYM_BZMN
הנורמלים החדשים,HNVRMLYM_HHDSHYM
הנותרים,HNVTRYM
הנחש,HNHSH
הניצולים,HNYTSVLYM
הניק,HNYK
הניקוי,HNYKVY
הנמלט,HNMLT
הנסיך המדליק מבל אייר,HNSYK_HMDLYK_MBL_AYYR
הנסיכה הספרדייה,HNSYKH_HSPRDYYH
הנעדר,HNADR
הנעלמות מהתחנה,HNALMVT_MHTHNH
הנערה מהוותיקן: היעלמותה של עמנואלה אורלנדי,HNARH_MHVVTYKN_HYALMVTH_SHEL_AMNVALH_AVRLNDY
הנערה מפליינוויל,HNARH_MPLYYNVVYL
הנערה שביער,HNARH_SHBYAR
הנערים משום מקום,HNARYM_MSHVM_MKVM
הנשיא / אל פרזידנטה,HNSHYA__AL_PRZYDNTH
הסוד,HSVD
הסוד שקבור באפר: הרציחות של ילדות הצופים באוקלהומה,HSVD_SHKBVR_BAPR_HRTSYHVT_SHEL_YLDVT_HTSVPYM_BAVKLHVMH
"הסודות הקבורים של התנ""ך עם אלברט לין",HSVDVT_HKBVRYM_SHEL_HTNK_AM_ALBRT_LYN
הסודות הקבורים של מלחמת העולם השנייה,HSVDVT_HKBVRYM_SHEL_MLHMT_HAVLM_HSHNYYH
הסודות שהיא שומרת,HSVDVT_SHHYA_SHVMRT
הסודות של אברמור,HSVDVT_SHEL_ABRMVR
הסודות של איסטאון,HSVDVT_SHEL_AYSTAVN
הסודות של אמילי,HSVDVT_SHEL_AMYLY
הסודות של דה וינצ'י,HSVDVT_SHEL_DH_VYNTSY
הסודות של הילסונג,HSVDVT_SHEL_HYLSVNG
הסודות של מרלו,HSVDVT_SHEL_MRLV
הסודות של סאלפר ספרינגס,HSVDVT_SHEL_SALPR_SPRYNGS
הסודות של סילבר פוינט,HSVDVT_SHEL_SYLBR_PVYNT
הסודות של פלייבוי,HSVDVT_SHEL_PLYYBVY
הסוכן האחרון,HSVKN_HAHRVN
הסוכן הנרי,HSVKN_HNRY
הסוכנות,HSVKNVT
הסוכנות,HSVKNVT
הסוכנת קרטר,HSVKNT_KRTR
הסוף של וויט: המרדף אחרי הרוצח,HSVP_SHEL_VVYT_HMRDP_AHRY_HRVTSH
הסופרנוס,HSVPRNVS
הסופשבוע הגרוע הטוב ביותר אי פעם,HSVPSHBVA_HGRVA_HTVB_BYVTR_AY_PAM
הסטירה,HSTYRH
הסטנדאפיסטים,HSTNDAPYSTYM
הסיגנל,HSYGNL
הסיגר הגדול,HSYGR_HGDVL
הסיפון התחתון,HSYPVN_HTHTVN
הסיפור המעוות של אמנדה נוקס,HSYPVR_HMAVVT_SHEL_AMNDH_NVKS
הסיפור הרדיקלי של פאטי הרסט,HSYPVR_HRDYKLY_SHEL_PATY_HRST
הסיפור שלא סופר,HSYPVR_SHLA_SVPR
הסמויה,HSMVYH
הסמוראית כחולת העין,HSMVRAYT_KHVLT_HAYN
הסמל האבוד,HSML_HABVD
הסנגורית,HSNGVRYT
הסנדק של הארלם,HSNDK_SHEL_HARLM
הסנדקים: משפחות הפשע באמריקה,HSNDKYM_MSHPHVT_HPSHA_BAMRYKH
הספיידרמן הידידותי מהשכונה,HSPYYDRMN_HYDYDVTY_MHSHKVNH
הספינה האחרונה,HSPYNH_HAHRVNH
הספר של בובה פט,HSPR_SHEL_BVBH_PT
הסקס של מאסטרס,HSKS_SHEL_MASTRS
העולם אוכל לחם,HAVLM_AVKL_LHM
העולם על פי ג'ף גולדבלום,HAVLM_AL_PY_GP_GVLDBLVM
העולם של ריילי,HAVLM_SHEL_RYYLY
העומדים למות,HAVMDYM_LMVT
העונה של החתונות,HAVNH_SHEL_HHTVNVT
העוקץ,HAVKTS
העוקץ 2023,HAVKTS_2023
העוקץ: החזרה,HAVKTS_HHZRH
העידן המוזהב,HAYDN_HMVZHB
העיניים של וואקנדה,HAYNYYM_SHEL_VVAKNDH
העיר הזו שלנו,HAYR_HZV_SHLNV
העיר המורעלת,HAYR_HMVRALT
העיר על הגבעה,HAYR_AL_HGBAH
העיר שלנו,HAYR_SHLNV
העיתון,HAYTVN
העמדה,HAMDH
העמדה,HAMDH
הערפל,HARPL
העשב של השכן,HASHB_SHEL_HSHKN
העתיד במבט על,HATYD_BMBT_AL
הפארקים הלאומיים של אמריקה,HPARKYM_HLAVMYYM_SHEL_AMRYKH
הפוכים,HPVKYM
הפולטרגייסט מאנפילד,HPVLTRGYYST_MANPYLD
הפוליטיקאי,HPVLYTYKAY
הפוריה,HPVRYH
הפחד,HPHD
הפטריוט,HPTRYVT
הפינגווין,HPYNGVVYN
הפינה,HPYNH
הפיצוצים בלונדון: המצוד אחר המחבלים,HPYTSVTSYM_BLVNDVN_HMTSVD_AHR_HMHBLYM
הפירמה,HPYRMH
הפכים סולארים,HPKYM_SVLARYM
הפלאים הנסתרים של אפריקה,HPLAYM_HNSTRYM_SHEL_APRYKH
הפלאש,HPLASH
הפלייליסט של זואי,HPLYYLYST_SHEL_ZVAY
הפלקון וחייל החורף,HPLKVN_VHYYL_HHVRP
הפמליה,HPMLYH
הפסיפיק,HPSYPYK
הפסיפיק הדרומי,HPSYPYK_HDRVMY
הפראים,HPRAYM
הפרבר,HPRBR
הפרוגלים: בחזרה לפרוגל רוק,HPRVGLYM_BHZRH_LPRVGL_RVK
הפרחים האבודים של אליס הארט,HPRHYM_HABVDYM_SHEL_ALYS_HART
הפריבילגים,HPRYBYLGYM
הפריפראל,HPRYPRAL
הפרנצ'ייז,HPRNTSYYZ
הפרס בדלת הגדולה,HPRS_BDLT_HGDVLH
הפרקליט,HPRKLYT
הפרקליט,HPRKLYT
הפרשנות לשקט,HPRSHNVT_LSHKT
הפרת אמונים,HPRT_AMVNYM
הפשע,HPSHA
הצבא הנשכח,HTSBA_HNSHKH
הצד האפל של הרשת,HTSD_HAPL_SHEL_HRSHT
הצד האפל של התשוקה,HTSD_HAPL_SHEL_HTSHVKH
הצד האפל של פלורידה,HTSD_HAPL_SHEL_PLVRYDH
הצהובות,HTSHVBVT
הצוות,HTSVVT
הצוללות האבודות של הנאצים,HTSVLLVT_HABVDVT_SHEL_HNATSYM
הצופה,HTSVPH
הצייד,HTSYYD
הצילו! אני בזוגיות מסתורית,HTSYLV_ANY_BZVGYVT_MSTVRYT
הצילו! קעקוע גרוע,HTSYLV_KAKVA_GRVA
הצל הארוך,HTSL_HARVK
הצלה,HTSLH
הצלחתי: צרפת,HTSLHTY_TSRPT
‫הצלחתי!,HTSLHTY
הצלצול הגואל,HTSLTSVL_HGVAL
הצלצול הגואל 2020,HTSLTSVL_HGVAL_2020
"הצלצול הגואל: בוקר טוב, גברת בליס",HTSLTSVL_HGVAL_BVKR_TVB_GBRT_BLYS
הצלצול הגואל: שנות הקולג',HTSLTSVL_HGVAL_SHNVT_HKVLG
הצמד,HTSMD
הצעצועים שבנו את העולם,HTSATSVAYM_SHBNV_AT_HAVLM
הצפון הגדול,HTSPVN_HGDVL
הצפון והדרום,HTSPVN_VHDRVM
הצרפתים הלא נכונים,HTSRPTYM_HLA_NKVNYM
הקאמבק,HKAMBK
הקבוצה של אמריקה: המהמר והקאובויס,HKBVTSH_SHEL_AMRYKH_HMHMR_VHKAVBVYS
הקברן,HKBRN
הקוד,HKVD
הקומיקאים,HKVMYKAYM
הקונטיננטל: מעולמו של ג'ון וויק,HKVNTYNNTL_MAVLMV_SHEL_GVN_VVYK
הקוסמים,HKVSMYM
הקורבן,HKVRBN
הקיסרית,HKYSRYT
הקיסרית סיסי,HKYSRYT_SYSY
הקיץ שבו הפכתי ליפה,HKYTS_SHBV_HPKTY_LYPH
הקללה,HKLLH
הקללה של וון דאץ',HKLLH_SHEL_VVN_DATS
הקנוניה נגד אמריקה,HKNVNYH_NGD_AMRYKH
הקצה העמוק,HKTSH_HAMVK
הקרב על אובר,HKRB_AL_AVBR
הקרדשיאנס,HKRDSHYANS
הקריירה השנייה של קרול,HKRYYRH_HSHNYYH_SHEL_KRVL
הקריסטל האפל: עידן המרד,HKRYSTL_HAPL_AYDN_HMRD
הקרקס המעופף של מונטי פייתון,HKRKS_HMAVPP_SHEL_MVNTY_PYYTVN
הקתדרלה ליד הים,HKTDRLH_LYD_HYM
הראנאראונדס,HRANARAVNDS
הרגעים המעניינים ביותר בהיסטוריה,HRGAYM_HMANYYNYM_BYVTR_BHYSTVRYH
הרודן,HRVDN
הרווק בגן עדן,HRVVK_BGN_ADN
"הרווק: ארה""ב",HRVVK_ARHB
"הרווקה: ארה""ב",HRVVKH_ARHB
הרוזן ממונטה קריסטו,HRVZN_MMVNTH_KRYSTV
הרומן,HRVMN
הרופא הטוב,HRVPA_HTVB
הרוצח המתוודה,HRVTSH_HMTVVDH
הרחק,HRHK
הריזורט,HRYZVRT
הרייגנים,HRYYGNYM
הרייט המרגלת,HRYYT_HMRGLT
הרכש החדש,HRKSH_HHDSH
הרלן קובן: דיו חיוור,HRLN_KVBN_DYV_HYVVR
הרלן קובן: הטעות כולה שלך,HRLN_KVBN_HTAVT_KVLH_SHLK
הרלן קובן: הנעדרים,HRLN_KVBN_HNADRYM
הרלן קובן: הנעלמים,HRLN_KVBN_HNALMYM
הרלן קובן: מחסה,HRLN_KVBN_MHSH
הרלן קובן: משחק הציד,HRLN_KVBN_MSHHK_HTSYD
הרלן קובן: תחזיקו חזק,HRLN_KVBN_THZYKV_HZK
הרמוניה משפחתית,HRMVNYH_MSHPHTYT
הרפתקאותיה המצמררות של סברינה,HRPTKAVTYH_HMTSMRRVT_SHEL_SBRYNH
הרציחות באורה,HRTSYHVT_BAVRH
הרקיע,HRKYA
הרשות הרביעית: לסקר את טראמפ,HRSHVT_HRBYAYT_LSKR_AT_TRAMP
הרשימה השחורה,HRSHYMH_HSHHVRH
הרשימה השחורה: גאולה,HRSHYMH_HSHHVRH_GAVLH
השבוע שעבר עם ג'ון אוליבר,HSHBVA_SHABR_AM_GVN_AVLYBR
השבט,HSHBT
השדים של דרזדן,HSHDYM_SHEL_DRZDN
השודד הגולש,HSHVDD_HGVLSH
השוטר גרזן,HSHVTR_GRZN
השומרים,HSHVMRYM
השורד המיועד,HSHVRD_HMYVAD
השורדות,HSHVRDVT
השורה,HSHVRH
השחקן,HSHHKN
השחקנית,HSHHKNYT
השטר,HSHTR
השידור האחרון שלה: חטיפתה של ג'ודי הוסינטרוט,HSHYDVR_HAHRVN_SHLH_HTYPTH_SHEL_GVDY_HVSYNTRVT
השייקריות,HSHYYKRYVT
השכן,HSHKN
השכן הפסיכיאטר,HSHKN_HPSYKYATR
השליחים,HSHLYHYM
השלכות,HSHLKVT
השמורה,HSHMVRH
השמידו את כל הפראים!,HSHMYDV_AT_KL_HPRAYM
השמיים נופלים,HSHMYYM_NVPLYM
השנה מיליון,HSHNH_MYLYVN
השנים,HSHNYM
השעה,HSHAH
השער האדום,HSHAR_HADVM
השער לגן עדן: אם כל הכתות,HSHAR_LGN_ADN_AM_KL_HKTVT
השערים,HSHARYM
השעשועון,HSHASHVAVN
השף הבא עם גורדון רמזי,HSHP_HBA_AM_GVRDVN_RMZY
השף של הדור הבא,HSHP_SHEL_HDVR_HBA
השק השחור המלוכלך ההוא,HSHK_HSHHVR_HMLVKLK_HHVA
השקר היפה,HSHKR_HYPH
השר,HSHR
השריף,HSHRYP
התאמה מושלמת,HTAMH_MVSHLMT
התבגרות,HTBGRVT
התהוות,HTHVVT
התורה כולה: סיפורו של משה,HTVRH_KVLH_SYPVRV_SHEL_MSHH
התיבה,HTYBH
התייר,HTYYR
התייר האפל,HTYYR_HAPL
התייר הסרבן,HTYYR_HSRBN
התיכון,HTYKVN
התיק נגד עדנאן סעיד,HTYK_NGD_ADNAN_SAYD
התיק של ג'ונבנה רמזי,HTYK_SHEL_GVNBNH_RMZY
התיקון,HTYKVN
התיקון,HTYKVN
התיקון של סיננון,HTYKVN_SHEL_SYNNVN
התמים,HTMYM
התמימים,HTMYMYM
התן,HTN
התנגדות,HTNGDVT
התנהגות טובה,HTNHGVT_TVBH
התנהגות רעה,HTNHGVT_RAH
התנך,HTNK
התעוררות,HTAVRRVT
התעלומות הגדולות בהיסטוריה,HTALVMVT_HGDVLVT_BHYSTVRYH
התעשייה,HTASHYYH
התפכחות,HTPKHVT
התקרית,HTKRYT
התרסקות,HTRSKVT
התרסקנו,HTRSKNV
ואז נעלמו כולם,VAZ_NALMV_KVLM
ואן הלסינג,VAN_HLSYNG
והארץ לעולם עומדת,VHARTS_LAVLM_AVMDT
וו-טאנג: סאגה אמריקאית,VVTANG_SAGH_AMRYKAYT
וואייט סינאק: אזורים בעייתיים,VVAYYT_SYNAK_AZVRYM_BAYYTYYM
וואן פיס,VVAN_PYS
וואקו,VVAKV
וואקפו,VVAKPV
ווגאס,VVGAS
ווטסון,VVTSVN
וויל וגרייס,VVYL_VGRYYS
וויל טרנט,VVYL_TRNT
ווילו והנסיכה,VVYLV_VHNSYKH
וויסקי קוואליר,VVYSKY_KVVALYR
וולברין והאקס-מן מתורגם / מדובב,VVLBRYN_VHAKSMN_MTVRGM__MDVBB
וולמאניה,VVLMANYH
וולף הול,VVLP_HVL
וולף קריק,VVLP_KRYK
וונדה-ויז׳ן,VVNDHVYZN
וונדלה,VVNDLH
וונטוורת,VVNTVVRT
ווסטוורלד,VVSTVVRLD
ווקר,VVKR
וושינגטון בלאק,VVSHYNGTVN_BLAK
וידה,VYDH
וידויה של משרתת,VYDVYH_SHEL_MSHRTT
וידוייה הסודיים של זונת צמרת,VYDVYYH_HSVDYYM_SHEL_ZVNT_TSMRT
ויוי יקרה,VYVY_YKRH
וייטנאם: המלחמה ששינתה את אמריקה,VYYTNAM_HMLHMH_SHSHYNTH_AT_AMRYKH
"וייפאאוט: ארה""ב",VYYPAAVT_ARHB
וילה ונדרפאמפ,VYLH_VNDRPAMP
וילפרד,VYLPRD
ויניל,VYNYL
ויפ,VYP
ויקטוריה,VYKTVRYH
ויקטוריוס,VYKTVRYVS
ויקינגים: ולהאלה,VYKYNGYM_VLHALH
ויקסן,VYKSN
וירג'ין ריבר,VYRGYN_RYBR
ולאד,VLAD
ולאנדר הצעיר,VLANDR_HTSAYR
ולריה,VLRYH
ונסדיי,VNSDYY
ורד אדום,VRD_ADVM
ורוניקה מארס,VRVNYKH_MARS
ורסאי,VRSAY
ותודה שטסתם (בואו לטוס איתי),VTVDH_SHTSTM_BVAV_LTVS_AYTY
זאב זאב,ZAB_ZAB
זאב כמוני,ZAB_KMVNY
זאב מעופף,ZAB_MAVPP
זאב צעיר,ZAB_TSAYR
זאבים בדם,ZABYM_BDM
"זאבים, מכשפות וענקים",ZABYM_MKSHPVT_VANKYM
זאת אני,ZAT_ANY
זה הולך לכאוב,ZH_HVLK_LKAVB
זה הסוף שלי,ZH_HSVP_SHLY
זהב,ZHB
זהב לבן,ZHB_LBN
זהות בדויה,ZHVT_BDVYH
זהות במבחן,ZHVT_BMBHN
זהות חדשה,ZHVT_HDSHH
זהות נרדפת,ZHVT_NRDPT
זואי 101,ZVAY_101
זואי ורייבן,ZVAY_VRYYBN
זוג או פולי,ZVG_AV_PVLY
זוג פלוס סלב,ZVG_PLVS_SLB
זורמים,ZVRMYM
זורמים: צרפת,ZVRMYM_TSRPT
זיווגים,ZYVVGYM
זים הפולש,ZYM_HPVLSH
זינוק לאתמול,ZYNVK_LATMVL
זירו,ZYRV
זירו זירו זירו,ZYRV_ZYRV_ZYRV
זירת הפשע: וגאס,ZYRT_HPSHA_VGAS
זירת הפשע: לאס וגאס,ZYRT_HPSHA_LAS_VGAS
זירת הפשע: סייבר,ZYRT_HPSHA_SYYBR
זכאי,ZKAY
זכרי אלפא,ZKRY_ALPA
זלדה פיצג'רלד ראשית ואחרית,ZLDH_PYTSGRLD_RASHYT_VAHRYT
זמן,ZMN
זקן מדיי למות צעיר,ZKN_MDYY_LMVT_TSAYR
זרה,ZRH
זרה: דם מדמי,ZRH_DM_MDMY
זרות,ZRVT
זריחת החוצנים,ZRYHT_HHVTSNYM
חבובות עכשיו,HBVBVT_AKSHYV
חברות: הגרסה הבריטית,HBRVT_HGRSH_HBRYTYT
חברים,HBRYM
חברים מהקולג',HBRYM_MHKVLG
חברינו הטובים ביותר,HBRYNV_HTVBYM_BYVTR
חד הוריים,HD_HVRYYM
חדר 104,HDR_104
חדר החדשות,HDR_HHDSHVT
חדשות טובות,HDSHVT_TVBVT
חדשים בשכונה,HDSHYM_BSHKVNH
חוזרת לחיים,HVZRT_LHYYM
חול טובעני,HVL_TVBANY
חולה אהבה,HVLH_AHBH
חוליגן אמריקאי,HVLYGN_AMRYKAY
חולית: הנבואה,HVLYT_HNBVAH
חולמת על אנגליה,HVLMT_AL_ANGLYH
חומץ תפוחים,HVMTS_TPVHYM
חומר אפל,HVMR_APL
חומר אפל,HVMR_APL
חומריו האפלים,HVMRYV_HAPLYM
חוף באקהד,HVP_BAKHD
חוף ג'ורדי / ג'ורדי שור,HVP_GVRDY__GVRDY_SHVR
חוף ג'רזי,HVP_GRZY
חוף ג'רזי: חופשה משפחתית,HVP_GRZY_HVPSHH_MSHPHTYT
"חוף האקסים: ארה""ב",HVP_HAKSYM_ARHB
חוף האקסים: בריטניה,HVP_HAKSYM_BRYTNYH
חוף האקסים: עונת הכוכבים,HVP_HAKSYM_AVNT_HKVKBYM
חוף הכוכבים,HVP_HKVKBYM
חוף מוסקיטו,HVP_MVSKYTV
חופי צ׳סאפיק,HVPY_TSSAPYK
חופים של סודות,HVPYM_SHEL_SVDVT
חופשה תחת אש,HVPSHH_THT_ASH
חופשי על הבר,HVPSHY_AL_HBR
חופשיים: ניסוי בבית סוהר,HVPSHYYM_NYSVY_BBYT_SVHR
חוצה את הקווים,HVTSH_AT_HKVVYM
חוצה כוכבים,HVTSH_KVKBYM
חוק הפטריוט – עם חסן מינאג',HVK_HPTRYVT__AM_HSN_MYNAG
חוק וסדר,HVK_VSDR
חוק וסדר כוונה פלילית: טורונטו,HVK_VSDR_KVVNH_PLYLYT_TVRVNTV
חוק וסדר: כוונה פלילית,HVK_VSDR_KVVNH_PLYLYT
חוק וסדר: מדור מיוחד,HVK_VSDR_MDVR_MYVHD
חוק וסדר: משפט וצדק,HVK_VSDR_MSHPT_VTSDK
חוק וסדר: פשע מאורגן,HVK_VSDR_PSHA_MAVRGN
חוקי המשחק,HVKY_HMSHHK
חוקי המשחק,HVKY_HMSHHK
חוקי המשיכה: בריטניה,HVKY_HMSHYKH_BRYTNYH
חוקי ונדרפאמפ,HVKY_VNDRPAMP
חוקי משפחה,HVKY_MSHPHH
חוקי שיקגו,HVKY_SHYKGV
חוקים משלה,HVKYM_MSHLH
חוקרי האוקיינוסים,HVKRY_HAVKYYNVSYM
חוש היופי,HVSH_HYVPY
חזית בלב ים,HZYT_BLB_YM
חזרה גנרלית,HZRH_GNRLYT
חטופה,HTVPH
חטיפה,HTYPH
חטיפה ברכבת התחתית,HTYPH_BRKBT_HTHTYT
חיות,HYVT
חיות בקלוז-אפ עם ברטי גרגורי,HYVT_BKLVZAP_AM_BRTY_GRGVRY
חיות גדולות,HYVT_GDVLVT
חיות דייטים,HYVT_DYYTYM
חיות לילה,HYVT_LYLH
חיות פוליטיות,HYVT_PVLYTYVT
"חיזבאללה בע""מ",HYZBALLH_BAM
חיזור תקופתי,HYZVR_TKVPTY
חיי הלילה של בעלי החיים בצבעים,HYY_HLYLH_SHEL_BALY_HHYYM_BTSBAYM
חיי הסקס של נערות הקולג',HYY_HSKS_SHEL_NARVT_HKVLG
חיי הפאר של נשות הספורטאים,HYY_HPAR_SHEL_NSHVT_HSPVRTAYM
חיי ישו,HYY_YSHV
חיי עם משפחת וולטר,HYY_AM_MSHPHT_VVLTR
חייבים לדבר על קוסבי,HYYBYM_LDBR_AL_KVSBY
חייבים לצאת החוצה,HYYBYM_LTSAT_HHVTSH
חייזרים מן העבר,HYYZRYM_MN_HABR
חיילי שמנת,HYYLY_SHMNT
חיים אחרים,HYYM_AHRYM
חיים בלתי צפויים,HYYM_BLTY_TSPVYYM
חיים בצללים,HYYM_BTSLLYM
חיים על מאדים,HYYM_AL_MADYM
חיים של אחרים,HYYM_SHEL_AHRYM
חיל החלל,HYL_HHLL
חילוץ בדרך קפואה,HYLVTS_BDRK_KPVAH
חינוך מיני,HYNVK_MYNY
חיסול ראשון,HYSVL_RASHVN
חירות ואומץ,HYRVT_VAVMTS
חלום בהקיץ,HLVM_BHKYTS
חלום של בית,HLVM_SHEL_BYT
חליפות,HLYPVT
חלל אינסופי,HLL_AYNSVPY
"חם, לוהט, רותח: אמריקה הלטינית",HM_LVHT_RVTH_AMRYKH_HLTYNYT
"חם, לוהט, רותח: ארה""ב",HM_LVHT_RVTH_ARHB
"חם, לוהט, רותח: ברזיל",HM_LVHT_RVTH_BRZYL
"חם, לוהט, רותח: גרמניה",HM_LVHT_RVTH_GRMNYH
"חם, לוהט, רותח! איטליה",HM_LVHT_RVTH_AYTLYH
חמוץ מתוק,HMVTS_MTVK
חמותי אישה יקרה,HMVTY_AYSHH_YKRH
חמישה ימים בממוריאל,HMYSHH_YMIM_BMMVRYAL
חמישה ימים בממוריאל,HMYSHH_YMIM_BMMVRYAL
חנוקה,HNVKH
חנות ספרים מטריפה,HNVT_SPRYM_MTRYPH
חניבעל,HNYBAL
חסר גבולות עם כריס המסוורת',HSR_GBVLVT_AM_KRYS_HMSVVRT
חסרי אלוהים,HSRY_ALVHYM
חסרי בושה,HSRY_BVSHH
חסרי חינוך,HSRY_HYNVK
חסרי מוח,HSRY_MVH
חסרת פחד,HSRT_PHD
חף מפשע,HP_MPSHA
חף מפשע,HP_MPSHA
חף מפשע,HP_MPSHA
חף מפשע,HP_MPSHA
חפצים חדים,HPTSYM_HDYM
חצי מהעיר הם בחורים שזרקו אותי,HTSY_MHAYR_HM_BHVRYM_SHZRKV_AVTY
חצר עצי התפוח,HTSR_ATSY_HTPVH
חקירה בהילוך גבוה,HKYRH_BHYLVK_GBVH
חקירות קטנות,HKYRVT_KTNVT
חשד,HSHD
חשוד: הירי בז'אן שארל דה מנזס,HSHVD_HYRY_BZAN_SHARL_DH_MNZS
חשודה בחשיפה גבוהה,HSHVDH_BHSHYPH_GBVHH
חשיפה לדרום,HSHYPH_LDRVM
חשיפה לצפון,HSHYPH_LTSPVN
חשכה,HSHKH
חתולי הרעם,HTVLY_HRAM
חתולים גדולים,HTVLYM_GDVLYM
חתולים מתפוצצים,HTVLYM_MTPVTSTSYM
חתונה מהחלומות,HTVNH_MHHLVMVT
חתיכה מהלב,HTYKH_MHLB
טאבו,TABV
טאסק,TASK
טארה,TARH
טבח בכת: יום אחד בג’ונסטאון,TBH_BKT_YVM_AHD_BGVNSTAVN
טד,TD
טד בנדי: נפילתו של רוצח,TD_BNDY_NPYLTV_SHEL_RVTSH
טד לאסו,TD_LASV
טובעת בספק / הטביעה,TVBAT_BSPK__HTBYAH
טווין פיקס,TVVYN_PYKS
טוי בוי,TVY_BVY
טויסטד מטאל,TVYSTD_MTAL
טולסה קינג,TVLSH_KYNG
טום וג'רי בניו יורק,TVM_VGRY_BNYV_YVRK
טום קלנסי ג'ק ראיין,TVM_KLNSY_GK_RAYYN
טומב ריידר: האגדה על לארה קרופט,TVMB_RYYDR_HAGDH_AL_LARH_KRVPT
טוני נולד מחדש,TVNY_NVLD_MHDSH
טופ בוי,TVP_BVY
טופ דוג,TVP_DVG
טוקיו וייס,TVKYV_VYYS
טורניר שש האומות: מגע מלא,TVRNYR_SHSH_HAVMVT_MGA_MLA
טורצ'ווד,TVRTSVVD
טיול לא צפוי,TYVL_LA_TSPVY
טיטאנים,TYTANYM
טייגר,TYYGR
טיילר פרי מציג: דילן הצעיר,TYYLR_PRY_MTSYG_DYLN_HTSAYR
טיימלס,TYYMLS
טיסה 814: חטיפה בקנדהאר,TYSH_814_HTYPH_BKNDHAR
טיסת הקונקורדים,TYST_HKVNKVRDYM
טיסת לילה,TYST_LYLH
טיפול זוגי,TYPVL_ZVGY
טיפול נמרץ: ברלין,TYPVL_NMRTS_BRLYN
טיפות של אלוהים,TYPVT_SHEL_ALVHYM
טירוף בבית,TYRVP_BBYT
טליה במטבח,TLYH_BMTBH
טעות אנוש,TAVT_ANVSH
טעות בכוונה תחילה,TAVT_BKVVNH_THYLH
טעם דובדבן חדש לגמרי,TAM_DVBDBN_HDSH_LGMRY
טעם האהבה,TAM_HAHBH
טקאשי סיקסניין: יצירתו של נבל-על,TKASHY_SYKSNYYN_YTSYRTV_SHEL_NBLAL
טקס חצות,TKS_HTSVT
טרגדיה ידועה מראש טיסה 3054,TRGDYH_YDVAH_MRASH_TYSH_3054
טרדסטון,TRDSTVN
טרה נובה,TRH_NVBH
טרו ג'קסון,TRV_GKSVN
טרויה: נפילתה של עיר,TRVYH_NPYLTH_SHEL_AYR
טרוצקי,TRVTSKY
טרור ברכבת התחתית,TRVR_BRKBT_HTHTYT
טריטוריה,TRYTVRYH
טריפליום,TRYPLYVM
טרמיי,TRMYY
טרמינייטור,TRMYNYYTVR
טרנספרנט,TRNSPRNT
יאנגר,YANGR
יד ברזל,YD_BRZL
ידו של האל,YDV_SHEL_HAL
יהלומים,YHLVMYM
יובל,YVBL
יולנטה,YVLNTH
יום אחד,YVM_AHD
יום אפס,YVM_APS
יום השנה האחרון,YVM_HSHNH_HAHRVN
יומנה של אנה פרנק,YVMNH_SHEL_ANH_PRNK
יומני הערפד,YVMNY_HARPD
יומני הרופא הצעיר,YVMNY_HRVPA_HTSAYR
יומני קארי בראדשו,YVMNY_KARY_BRADSHV
יומנים,YVMNYM
יוסי המרגל אכול החרטה,YVSY_HMRGL_AKVL_HHRTH
יוסמיטי,YVSMYTY
יופי של גיל,YVPY_SHEL_GYL
יוצאת מן הכלל,YVTSAT_MN_HKLL
יורשי הלילה,YVRSHY_HLYLH
יורשים,YVRSHYM
יזיזים או אוהבים,YZYZYM_AV_AVHBYM
יחידת דוגמניות,YHYDT_DVGMNYVT
יחסים בהסכמה,YHSYM_BHSKMH
יחסים פלוס,YHSYM_PLVS
ילד בולע יקום,YLD_BVLA_YKVM
ילד פוגש עולם,YLD_PVGSH_AVLM
ילדה אבודה,YLDH_ABVDH
ילדה בשלג,YLDH_BSHLG
ילדה יקרה,YLDH_YKRH
ילדה עורב,YLDH_AVRB
ילדות טובות,YLDVT_TVBVT
ילדותי,YLDVTY
ילדי האנרכיה,YLDY_HANRKYH
ילדי המריבה,YLDY_HMRYBH
ילדי חולית,YLDY_HVLYT
ילוסטון,YLVSTVN
"ימ""מ",YMM
ימיו האחרונים של תלמי גריי,YMYV_HAHRVNYM_SHEL_TLMY_GRYY
ימים מאושרים,YMIM_MAVSHRYM
יפה בשחור,YPH_BSHHVR
יפה לך,YPH_LK
יפה למות,YPH_LMVT
יצאת אביר,YTSAT_ABYR
יקטרינה הגדולה,YKTRYNH_HGDVLH
יריבים,YRYBYM
יריד רצחני,YRYD_RTSHNY
יריחו,YRYHV
יריית פתיחה,YRYYT_PTYHH
ישנן בנות,YSHNN_BNVT
ישנן בנות: הדור הבא,YSHNN_BNVT_HDVR_HBA
ישראל הפראית,YSHRAL_HPRAYT
יתומת האופל,YTVMT_HAVPL
כאוס,KAVS
כאילו אין מחר,KAYLV_AYN_MHR
כאלה אמיצות,KALH_AMYTSVT
כאן ועכשיו,KAN_VAKSHYV
כאן זה לא הוליווד,KAN_ZH_LA_HVLYVVD
כבאי קליפורניה,KBAY_KLYPVRNYH
כבאי שיקגו,KBAY_SHYKGV
כבוד המושלת,KBVD_HMVSHLT
"כבודו: ארה""ב",KBVDV_ARHB
כוח,KVH
כוח המשיכה,KVH_HMSHYKH
כוכב אחד לבד,KVKB_AHD_LBD
כוכב הלכת המופלא,KVKB_HLKT_HMVPLA
כוכב הקופים,KVKB_HKVPYM
כוכב לכת משונה,KVKB_LKT_MSHVNH
כוכב לכת קשוח,KVKB_LKT_KSHVH
כוכב מושלם,KVKB_MVSHLM
כוכב פרהיסטורי,KVKB_PRHYSTVRY
כוכבת,KVKBT
כולי קנאה,KVLY_KNAH
כולם אוהבים את ריימונד,KVLM_AVHBYM_AT_RYYMVND
כולם אותו הדבר... או שלא,KVLM_AVTV_HDBR_AV_SHLA
כולם בשביל כולם,KVLM_BSHBYL_KVLM
כולם שונאים את כריס,KVLM_SHVNAYM_AT_KRYS
כולנו יחד,KVLNV_YHD
כולנו מתים,KVLNV_MTYM
כותבת ההספדים,KVTBT_HHSPDYM
כחול עמוק,KHVL_AMVK
כיבוש,KYBVSH
כיפת הזכוכית,KYPT_HZKVKYT
כיתה קטלנית,KYTH_KTLNYT
ככה זה,KKH_ZH
כל האור שאיננו רואים,KL_HAVR_SHAYNNV_RVAYM
כל היצורים גדולים כקטנים,KL_HYTSVRYM_GDVLYM_KKTNYM
כל הכסף הזה,KL_HKSP_HZH
כל השוטרים הם נבלות: הסדרה,KL_HSHVTRYM_HM_NBLVT_HSDRH
כל יום מחדש,KL_YVM_MHDSH
כל כך רייבן,KL_KK_RYYBN
כל מה שאני יודעת על אהבה,KL_MH_SHANY_YVDAT_AL_AHBH
כלבי הרוחות,KLBY_HRVHVT
כלבי השמורה,KLBY_HSHMVRH
כלבלבים מחפשים בית חם,KLBLBYM_MHPSHYM_BYT_HM
כללי המשחק,KLLY_HMSHHK
כמו בסרטים,KMV_BSRTYM
כמו דרקון: יאקוזה,KMV_DRKVN_YAKVZH
כמעט אנושי,KMAT_ANVSHY
כמעט אנושיים,KMAT_ANVSHYYM
כמעט משפחה,KMAT_MSHPHH
"כן, אדוני השר",KN_ADVNY_HSHR
"כן, אדוני ראש הממשלה",KN_ADVNY_RASH_HMMSHLH
כנופיות אל-איי,KNVPYVT_ALAYY
כנופיות גליסיה,KNVPYVT_GLYSYH
כנופיות לונדון,KNVPYVT_LVNDVN
כנופיית ברמינגהם,KNVPYYT_BRMYNGHM
כנופיית המאיה,KNVPYYT_HMAYH
כנפי הרעם,KNPY_HRAM
כסף מהיר,KSP_MHYR
כסף מתוק,KSP_MTVK
"כסף, דארלינג",KSP_DARLYNG
כרוניקה של ארגון פשע,KRVNYKH_SHEL_ARGVN_PSHA
כריסטובל בלנסיאגה,KRYSTVBL_BLNSYAGH
כריסטין הישנה,KRYSTYN_HYSHNH
כשגבר פוגש אישה,KSHGBR_PVGSH_AYSHH
כשהלב קורא,KSHHLB_KVRA
כשהם רואים אותנו,KSHHM_RVAYM_AVTNV
כשהמדינה הורגת,KSHHMDYNH_HVRGT
כת המשפחה,KT_HMSHPHH
כת הסקס של ניו יורק,KT_HSKS_SHEL_NYV_YVRK
כתב ויתור,KTB_VYTVR
כתום זה השחור החדש,KTVM_ZH_HSHHVR_HHDSH
לא בטוחה,LA_BTVHH
לא במצב,LA_BMTSB
לא גמור,LA_GMVR
לא הרודיאו הראשון שלה,LA_HRVDYAV_HRASHVN_SHLH
לא טיפוסי,LA_TYPVSY
לא ייאמן,LA_YYAMN
לא ייאמן עם דן אקרויד,LA_YYAMN_AM_DN_AKRVYD
לא יכולה בלי זה,LA_YKVLH_BLI_ZH
לא מלאכיות,LA_MLAKYVT
לא מציאותי,LA_MTSYAVTY
לא מתוכנן,LA_MTVKNN
לא ניתנת לשליטה / בלתי נשלטת,LA_NYTNT_LSHLYTH__BLTY_NSHLTT
לא רציונלי,LA_RTSYVNLY
לא שותקת,LA_SHVTKT
לאהוב אותי,LAHVB_AVTY
לאן נעלם טוראי דולייני?,LAN_NALM_TVRAY_DVLYYNY
לאן נעלמה איימי ברדלי,LAN_NALMH_AYYMY_BRDLY
לאס וגאס,LAS_VGAS
לאקי לואי,LAKY_LVAY
לבבות שחורים,LBBVT_SHHVRYM
לבד,LBD
לבד ביחד,LBD_BYHD
לברוח,LBRVH
לגדול בין זאבים,LGDVL_BYN_ZABYM
לגדל את הופ,LGDL_AT_HVP
לגו נינג'גו,LGV_NYNGGV
לגזור ולתפור,LGZVR_VLTPVR
לגיון,LGYVN
לה בראה,LH_BRAH
לה מקינה,LH_MKYNH
לה פלמה,LH_PLMH
להאכיל את המפלצת,LHAKYL_AT_HMPLTST
להאמין,LHAMYN
להביא את המכה,LHBYA_AT_HMKH
להגן על ג׳ייקוב,LHGN_AL_GYYKVB
להיאבק בכבידה,LHYABK_BKBYDH
להיות אליזבת,LHYVT_ALYZBT
להיות סיני אמריקאי,LHYVT_SYNY_AMRYKAY
להיות קארל לגרפלד,LHYVT_KARL_LGRPLD
להמציא את אנה,LHMTSYA_AT_ANH
להפוך אדם לרוצח,LHPVK_ADM_LRVTSH
להציל את גרייס,LHTSYL_AT_GRYYS
להקת החתונות,LHKT_HHTVNVT
להרוג את איב,LHRVG_AT_AYB
להרוג את ישו,LHRVG_AT_YSHV
להרוס אותך,LHRVS_AVTK
להתחבר מחדש,LHTHBR_MHDSH
להתעורר על החיים,LHTAVRR_AL_HHYYM
לו הייתי פיראט,LV_HYYTY_PYRAT
לואי,LVAY
לודג' 49,LVDG_49
לודוויג,LVDVVYG
לוחם,LVHM
לוחם,LVHM
לויס וקלארק,LVYS_VKLARK
לוך נס,LVK_NS
לונדון הורגת,LVNDVN_HVRGT
לוס: האור שבלב,LVS_HAVR_SHBLB
לופן,LVPN
לוציפר,LVTSYPR
לוק קייג',LVK_KYYG
לוקווד ושות',LVKVVD_VSHVT
לוקי,LVKY
לוקרבי,LVKRBY
לור,LVR
לות'ר,LVTR
לחיות עד 100: סודות האזורים הכחולים,LHYVT_AD_100_SVDVT_HAZVRYM_HKHVLYM
לחיות עם עצמך,LHYVT_AM_ATSMK
לחיות עם רוצח,LHYVT_AM_RVTSH
לחשוף את האוקיינוסים,LHSHVP_AT_HAVKYYNVSYM
לחשוף את האוקיינוסים: מעמקים,LHSHVP_AT_HAVKYYNVSYM_MAMKYM
לטובת הכלל,LTVBT_HKLL
לטענת גרייס,LTANT_GRYYS
ליאן,LYAN
ליב ומאדי,LYB_VMADY
ליגה משלהן,LYGH_MSHLHN
ליגת בראדשו,LYGT_BRADSHV
ליגת הנשים המתאבקות,LYGT_HNSHYM_HMTABKVT
ליזי מקגוויר,LYZY_MKGVVYR
ליי ליי,LYY_LYY
ליידי ג'יין שלי,LYYDY_GYYN_SHLY
לייט שופ,LYYT_SHVP
ליילה וג'מיל,LYYLH_VGMYL
ליין במהירות גבוהה,LYYN_BMHYRVT_GBVHH
ליל האירוע,LYL_HAYRVA
ליל המכשפות,LYL_HMKSHPVT
ליל הקרב: שוד המיליונים,LYL_HKRB_SHVD_HMYLYVNYM
ליליהאמר,LYLYHAMR
לימבו,LYMBV
לכבוד...,LKBVD
לכודים (2015),LKVDYM_2015
ללא גבולות,LLA_GBVLVT
ללא השגחת מבוגר,LLA_HSHGHT_MBVGR
ללא מוצא,LLA_MVTSA
ללא מילים,LLA_MYLYM
ללא תסריט,LLA_TSRYT
ללכת עד הסוף,LLKT_AD_HSVP
למה לא שאלו את אוונס?,LMH_LA_SHALV_AT_AVVNS
למה נשים רוצחות,LMH_NSHYM_RVTSHVT
למות מאהבה,LMVT_MAHBH
למות על הסט,LMVT_AL_HST
למען האמת,LMAN_HAMT
למצוא את אליס,LMTSVA_AT_ALYS
לנדמן,LNDMN
לנצח,LNTSH
לנצח 2014,LNTSH_2014
לנקום בו,LNKVM_BV
לנשום,LNSHVM
לסמוך או לא לסמוך: הקרב על גן העדן,LSMVK_AV_LA_LSMVK_HKRB_AL_GN_HADN
לעודד,LAVDD
לענה,LANH
לפגוע ולהחטיא,LPGVA_VLHHTYA
לפני,LPNY
לפני שנמות,LPNY_SHNMVT
לצחוק או למות,LTSHVK_AV_LMVT
לצייר עם ג'ון,LTSYYR_AM_GVN
לקום כעוף החול,LKVM_KAVP_HHVL
לקראת אפס,LKRAT_APS
לראות,LRAVT
לשבח את פיטי,LSHBH_AT_PYTY
לשחות עם כרישים,LSHHVT_AM_KRYSHYM
לשפץ כמו דיסיק,LSHPTS_KMV_DYSYK
לשרוד את לה לוז דל מונדו,LSHRVD_AT_LH_LVZ_DL_MVNDV
לתפוס את הרוצח שלהן: הבנות על הגשר הגבוה,LTPVS_AT_HRVTSH_SHLHN_HBNVT_AL_HGSHR_HGBVH
מ.א.ש,MASH
מ.ו.ד.ו.ק,MVDVK
מ.ק.ס.י.ם מכללה לקוסמים ומכשפות,MKSYM_MKLLH_LKVSMYM_VMKSHPVT
מאה שנים של בדידות,MAH_SHNYM_SHEL_BDYDVT
מאהבות,MAHBVT
מאהבת בתשלום מראש,MAHBT_BTSHLVM_MRASH
מאווריקס,MAVVRYKS
מאושרים בים,MAVSHRYM_BYM
מאחורי הקלעים של דיסני,MAHVRY_HKLAYM_SHEL_DYSNY
מאחורי עיניה,MAHVRY_AYNYH
מאיה ושלושת הלוחמים,MAYH_VSHLVSHT_HLVHMYM
"מאסטר שף: ארה""ב",MASTR_SHP_ARHB
מאסטרי עיצוב פנים עם אלן קאר,MASTRY_AYTSVB_PNYM_AM_ALN_KAR
מאפס,MAPS
מבוגרים,MBVGRYM
מבודדים,MBVDDYM
מבוימים,MBVYMYM
מבוסס על סיפור אמיתי,MBVSS_AL_SYPVR_AMYTY
מבוסס על ערימת שקרים,MBVSS_AL_ARYMT_SHKRYM
מבוסס על שקרים,MBVSS_AL_SHKRYM
מבוקש לחקירה,MBVKSH_LHKYRH
מבוקש: הבריחה של קרלוס גוסן,MBVKSH_HBRYHH_SHEL_KRLVS_GVSN
מבוקשות,MBVKSHVT
מבט על אירופה,MBT_AL_AYRVPH
מבטלים את דאגלס,MBTLYM_AT_DAGLS
מביך ברמות,MBYK_BRMVT
מבפנים,MBPNYM
מבצע שיפוץ,MBTSA_SHYPVTS
מבצעים מיוחדים: לביאה,MBTSAYM_MYVHDYM_LBYAH
מבריח,MBRYH
מג'יק סיטי,MGYK_SYTY
מגויסים,MGVYSYM
מגויסת,MGVYST
מגורש,MGVRSH
מגי,MGY
מגנוליות מופלאות,MGNVLYVT_MVPLAVT
מגנום בלש פרטי,MGNVM_BLSH_PRTY
מגנוס,MGNVS
מגניב במקרה,MGNYB_BMKRH
מגע,MGA
מגרש ביתי,MGRSH_BYTY
מגרש הזהב,MGRSH_HZHB
מגרש השדים,MGRSH_HSHDYM
מד דוגס,MD_DVGS
מד מן,MD_MN
מדוזה,MDVZH
מדיום,MDYVM
מדעי ההתנהגות,MDAY_HHTNHGVT
מדריך הדספייס למדיטציה,MDRYK_HDSPYYS_LMDYTTSYH
מדריך Headspace לשינה,MDRYK_Headspace_LSHYNH
מה אם...?,MH_AM
מהירות החיים,MHYRVT_HHYYM
מהלכים מנצחים עם שאקיל אוניל,MHLKYM_MNTSHYM_AM_SHAKYL_AVNYL
‏מהפך במוטל,MHPK_BMVTL
מו,MV
מוארת,MVART
מוב סיטי,MVB_SYTY
מובלנד,MVBLND
מוגזמת,MVGZMT
מוגנים,MVGNYM
מודוס,MVDVS
מוות במעונות,MVVT_BMAVNVT
מוות בפמברלי,MVVT_BPMBRLY
מוות ופרטים נוספים,MVVT_VPRTYM_NVSPYM
מוחו של הגבר הנשוי,MVHV_SHEL_HGBR_HNSHVY
מוטורהדס,MVTVRHDS
מולדת: פורט סאלם,MVLDT_PVRT_SALM
מומחה לכלום,MVMHH_LKLVM
מון נייט,MVN_NYYT
מונסייר ספייד,MVNSYYR_SPYYD
מונק,MVNK
מונרך: מורשת של מפלצות,MVNRK_MVRSHT_SHEL_MPLTSVT
מוסך הפלאים: מגרוטאות ליצירות מופת,MVSK_HPLAYM_MGRVTAVT_LYTSYRVT_MVPT
מועדון 57,MVADVN_57
מועדון הבייביסיטריות,MVADVN_HBYYBYSYTRYVT
מועדון הצלילה,MVADVN_HTSLYLH
מועצת היהודים,MVATST_HYHVDYM
מופע החבובות,MVPA_HHBVBVT
מופע שנות השבעים,MVPA_SHNVT_HSHBAYM
מופע שנות התשעים,MVPA_SHNVT_HTSHAYM
מוצרט בג'ונגל,MVTSRT_BGVNGL
מוקד 911,MVKD_911
מוקד 911: טקסס,MVKD_911_TKSS
מורגן עדיין נעדרת,MVRGN_ADYYN_NADRT
מורה מחליף,MVRH_MHLYP
מורטל קומבט: מורשת,MVRTL_KVMBT_MVRSHT
מורשות,MVRSHVT
מורשת יופיטר,MVRSHT_YVPYTR
מורשת: סיפורה האמיתי של הלייקרס,MVRSHT_SYPVRH_HAMYTY_SHEL_HLYYKRS
מותגי העל שבנו את אמריקה,MVTGY_HAL_SHBNV_AT_AMRYKH
מותחים ללא גבולות,MVTHYM_LLA_GBVLVT
מזכירת המדינה,MZKYRT_HMDYNH
מזל סרטן,MZL_SRTN
מחוז אסקס,MHVZ_ASKS
מחוננת,MHVNNT
מחזור 2009,MHZVR_2009
מחזור כישור הזמן,MHZVR_KYSHVR_HZMN
מחזיקות מעמד,MHZYKVT_MAMD
מחילת הארנב,MHYLT_HARNB
מחלקה קיו,MHLKH_KYV
מחלקה ראשונה,MHLKH_RASHVNH
מחלקות העיתונים,MHLKVT_HAYTVNYM
מחלקת גנים ונוף,MHLKT_GNYM_VNVP
מחנה קרב,MHNH_KRB
מחסן סודי 13,MHSN_SVDY_13
מחפשי האמת,MHPSHY_HAMT
מחפשים את מג'יק מייק,MHPSHYM_AT_MGYK_MYYK
מחצבה,MHTSBH
מחשבות פליליות,MHSHBVT_PLYLYVT
מחשבות פליליות: חוצה גבולות,MHSHBVT_PLYLYVT_HVTSH_GBVLVT
מחשבות רעות,MHSHBVT_RAVT
מחשבות רצחניות,MHSHBVT_RTSHNYVT
מחתרת המסילה,MHTRT_HMSYLH
מטבחי הגיהנום,MTBHY_HGYHNVM
מטורף,MTVRP
מטילדס: העולם לרגלנו,MTYLDS_HAVLM_LRGLNV
מטלוק,MTLVK
מטרה אנושית,MTRH_ANVSHYT
מטרה ראשונית,MTRH_RASHVNYT
"מי את, ארין קרטר?",MY_AT_ARYN_KRTR
מי הבוס?,MY_HBVS
מי זו אמריקה?,MY_ZV_AMRYKH
מי יעשה איתי ילד,MY_YASHH_AYTY_YLD
מי מפחד מהחושך,MY_MPHD_MHHVSHK
מי מפחד ממתיחות,MY_MPHD_MMTYHVT
מי מתגורר בבית היל,MY_MTGVRR_BBYT_HYL
מי רצח את קווין?,MY_RTSH_AT_KVVYN
מיד-סנצ'ורי מודרן,MYDSNTSVRY_MVDRN
מיטות מסתובבות,MYTVT_MSTVBBVT
מיי וג'ורג',MYY_VGVRG
מייטי מד,MYYTY_MD
מיינד האנטר,MYYND_HANTR
מייק,MYYK
מייק איט פופ,MYYK_AYT_PVP
מייק ג'אדג': סיפורים מהאוטובוס,MYYK_GADG_SYPVRYM_MHAVTVBVS
מייקל ג'ורדן: הריקוד האחרון,MYYKL_GVRDN_HRYKVD_HAHRVN
מילדרד פירס,MYLDRD_PYRS
מילה במולטיוורס,MYLH_BMVLTYVVRS
מילי בלאק,MYLY_BLAK
מיליארדים,MYLYARDYM
מיליון דברים קטנים,MYLYVN_DBRYM_KTNYM
מילת הילד: דם על האספלט,MYLT_HYLD_DM_AL_HASPLT
מים עמוקים,MYM_AMVKYM
מים שקטים,MYM_SHKTYM
"מינה, חוקרת פרטית",MYNH_HVKRT_PRTYT
מינקס,MYNKS
מיס מארוול,MYS_MARVVL
מיס פישר פותרת תעלומות רצח,MYS_PYSHR_PVTRT_TALVMVT_RTSH
מיס פלאצ'י,MYS_PLATSY
מיס פלאצ'י,MYS_PLATSY
מיסטר איגלסיאס,MYSTR_AYGLSYAS
מיסטר בין,MYSTR_BYN
מיסטר שואו: עם בוב ודייוויד,MYSTR_SHVAV_AM_BVB_VDYYVVYD
"מיק מיל, נגד אמריקה",MYK_MYL_NGD_AMRYKH
מיראז',MYRAZ
מירוץ מיליון הדולר,MYRVTS_MYLYVN_HDVLR
מישהו איפשהו,MYSHHV_AYPSHHV
מישהו יודע את שמי,MYSHHV_YVDA_AT_SHMY
מישהו מטפל בך שוב?,MYSHHV_MTPL_BK_SHVB
מכדור הארץ לירח: מיני סדרה,MKDVR_HARTS_LYRH_MYNY_SDRH
מכוניות בדרכים,MKVNYVT_BDRKYM
מכושפות,MKVSHPVT
מכושפות: הדור הבא,MKVSHPVT_HDVR_HBA
מכללת הסיכוי האחרון,MKLLT_HSYKVY_HAHRVN
מכללת הסיכוי האחרון,MKLLT_HSYKVY_HAHRVN
מכשפות,MKSHPVT
מכשפות מייפייר,MKSHPVT_MYYPYYR
מכשפת,MKSHPT
מכת המחץ,MKT_HMHTS
מכתב למלך,MKTB_LMLK
מכתבי אהבה,MKTBY_AHBH
מלאך שחור,MLAK_SHHVR
מלאכים באמריקה,MLAKYM_BAMRYKH
מלאכית מהגיהנום,MLAKYT_MHGYHNVM
מלון הזבין,MLVN_HZBYN
מלון הרוחות,MLVN_HRVHVT
מלון פורטופינו,MLVN_PVRTVPYNV
מלחמה וזכרון,MLHMH_VZKRVN
מלחמה ושלום,MLHMH_VSHLVM
מלחמת הכוכבים: אנדור,MLHMT_HKVKBYM_ANDVR
מלחמת הכוכבים: האקוליט,MLHMT_HKVKBYM_HAKVLYT
מלחמת הכוכבים: חזיונות,MLHMT_HKVKBYM_HZYVNVT
מלחמת הכוכבים: מלחמת המשובטים,MLHMT_HKVKBYM_MLHMT_HMSHVBTYM
מלחמת הכוכבים: סיפורה של אימפריה,MLHMT_HKVKBYM_SYPVRH_SHEL_AYMPRYH
מלחמת הכוכבים: סיפורי צללים,MLHMT_HKVKBYM_SYPVRY_TSLLYM
מלחמת הכוכבים: צוות שלד,MLHMT_HKVKBYM_TSVVT_SHLD
מלחמת העולם הראשונה,MLHMT_HAVLM_HRASHVNH
מלחמת העולם השנייה בצבע: הדרך לניצחון,MLHMT_HAVLM_HSHNYYH_BTSBA_HDRK_LNYTSHVN
מלחמת העולם השנייה: מקווי החזית,MLHMT_HAVLM_HSHNYYH_MKVVY_HHZYT
מלחמת העולמות,MLHMT_HAVLMVT
מלחמת הרוחות,MLHMT_HRVHVT
מלחמת ויאטנם,MLHMT_VYATNM
מלחמת סיר בסיר: משפחות מבשלות,MLHMT_SYR_BSYR_MSHPHVT_MBSHLVT
מלך השכונה,MLK_HSHKVNH
מלכה אדומה,MLKH_ADVMH
מלכה לבנה,MLKH_LBNH
מלכוד 22,MLKVD_22
מלכות,MLKVT
מלכות הצעקה,MLKVT_HTSAKH
מלכות התעלומה,MLKVT_HTALVMH
מלכי הבריחה,MLKY_HBRYHH
מלכת האי,MLKT_HAY
מלכת הדרום,MLKT_HDRVM
מלכת הטקילה,MLKT_HTKYLH
מלכת הנחשים,MLKT_HNHSHYM
מלכת העוקץ של הוליווד,MLKT_HAVKTS_SHEL_HVLYVVD
מלקולם באמצע,MLKVLM_BAMTSA
מלרוז פלייס,MLRVZ_PLYYS
ממון,MMVN
ממי,MMY
ממלכה,MMLKH
ממלכה פראית,MMLKH_PRAYT
ממלכת החיות,MMLKT_HHYVT
ממלכת הפוטבול של קנזס,MMLKT_HPVTBVL_SHEL_KNZS
ממלכת הפיראטים האבודה,MMLKT_HPYRATYM_HABVDH
מן הכפור,MN_HKPVR
מנהטן,MNHTN
מנהל הלילה,MNHL_HLYLH
מנהרת הזמן,MNHRT_HZMN
מניפסט,MNYPST
מנסה להצחיק,MNSH_LHTSHYK
מנסים,MNSYM
מנסרה,MNSRH
מנפחים,MNPHYM
מנצחים ומפסידים,MNTSHYM_VMPSYDYM
מנקודת מבטנו,MNKVDT_MBTNV
מסביב לעולם בשמונים יום,MSBYB_LAVLM_BSHMVNYM_YVM
מסובך,MSVBK
מסודרים: בריטניה,MSVDRYM_BRYTNYH
מסומנים,MSVMNYM
מסונוורת,MSVNVVRT
מסטיק,MSTYK
מסי פוגש את אמריקה,MSY_PVGSH_AT_AMRYKH
מסיבת נקניקיות: פודטופיה,MSYBT_NKNYKYVT_PVDTVPYH
מסמנים את אורנג' קאונטי,MSMNYM_AT_AVRNG_KAVNTY
מסמנים את טמפה,MSMNYM_AT_TMPH
מסמנים את ניו יורק,MSMNYM_AT_NYV_YVRK
מסמנים את סאנסט,MSMNYM_AT_SANST
מסע,MSA
מסע אגדי,MSA_AGDY
מסע אל בטן האדמה,MSA_AL_BTN_HADMH
מסע בין כוכבים,MSA_BYN_KVKBYM
מסע בין כוכבים: אנטרפרייז,MSA_BYN_KVKBYM_ANTRPRYYZ
מסע בין כוכבים: דיסקברי,MSA_BYN_KVKBYM_DYSKBRY
מסע בין כוכבים: הדור הבא,MSA_BYN_KVKBYM_HDVR_HBA
מסע בין כוכבים: הסדרה המצויירת,MSA_BYN_KVKBYM_HSDRH_HMTSVYYRT
מסע בין כוכבים: וויאג'ר,MSA_BYN_KVKBYM_VVYAGR
מסע בין כוכבים: חלל עמוק 9,MSA_BYN_KVKBYM_HLL_AMVK_9
מסע בין כוכבים: מסעות קצרים,MSA_BYN_KVKBYM_MSAVT_KTSRYM
מסע בין כוכבים: סיפונים תחתונים,MSA_BYN_KVKBYM_SYPVNYM_THTVNYM
מסע בין כוכבים: עולמות חדשים ומשונים,MSA_BYN_KVKBYM_AVLMVT_HDSHYM_VMSHVNYM
מסע בין כוכבים: פיקארד,MSA_BYN_KVKBYM_PYKARD
מסע האנושות,MSA_HANVSHVT
מסע צדדי,MSA_TSDDY
מסעדה עם אופק,MSADH_AM_AVPK
מספ7ים,MSP7YM
מעבדה לכוחות על,MABDH_LKVHVT_AL
מעבדה לכוחות על: יחידת עילית,MABDH_LKVHVT_AL_YHYDT_AYLYT
מעבדת הפלאים של אמילי,MABDT_HPLAYM_SHEL_AMYLY
מעביר הילוך,MABYR_HYLVK
מעבר לזמן,MABR_LZMN
"מעבר לחוות העב""מים",MABR_LHVVT_HABMYM
מעבר לחומת הגן,MABR_LHVMT_HGN
מעגל הרשע של היטלר,MAGL_HRSHA_SHEL_HYTLR
מעורבת-כזה,MAVRBTKZH
מעושרים,MAVSHRYM
מעירים דובים מרבצם,MAYRYM_DVBYM_MRBTSM
מעשי השוד הגדולים עם פירס ברוסנן,MASHY_HSHVD_HGDVLYM_AM_PYRS_BRVSNN
מפגשים מהסוג האישי,MPGSHYM_MHSVG_HAYSHY
מפגשים מהסוג המצמרר,MPGSHYM_MHSVG_HMTSMRR
מפונקים,MPVNKYM
מפוקסלים,MPVKSLYM
מפורסם כמו לבן,MPVRSM_KMV_LBN
מפחיד כזה,MPHYD_KZH
מפחידוס,MPHYDVS
מפלט אחרון,MPLT_AHRVN
מפלצות בלתי נראות: רוצחים סדרתיים באמריקה,MPLTSVT_BLTY_NRAVT_RVTSHYM_SDRTYYM_BAMRYKH
מפלצות שפגשנו,MPLTSVT_SHPGSHNV
מפסקי פחת,MPSKY_PHT
מפרשים שחורים,MPRSHYM_SHHVRYM
מצאת החמה עד צאת הנשמה,MTSAT_HHMH_AD_TSAT_HNSHMH
מצב קריטי בין חיים למוות,MTSB_KRYTY_BYN_HYYM_LMVVT
מצוד,MTSVD
מצוד,MTSVD
מצוד 2024,MTSVD_2024
מצוד אמריקאי: אוסאמה בן לאדן,MTSVD_AMRYKAY_AVSAMH_BN_LADN
מצויד,MTSVYD
מצחיקה אחת,MTSHYKH_AHT
מצחיקה בשחור,MTSHYKH_BSHHVR
מצילי המכוניות,MTSYLY_HMKVNYVT
מק'מיליונים,MKMYLYVNYM
מקביל,MKBYL
מקגייוור 2016,MKGYYVVR_2016
מקום בלב,MKVM_BLB
מקום טוב באמצע,MKVM_TVB_BAMTSA
מקלט באפלה,MKLT_BAPLH
מקמאפיה,MKMAPYH
מקס ושרד,MKS_VSHRD
מקסטון הול – העולם בינינו,MKSTVN_HVL__HAVLM_BYNYNV
מקסימה,MKSYMH
מקסין,MKSYN
מקפיא דם / אין לאן לברוח,MKPYA_DM__AYN_LAN_LBRVH
מקרה אבוד,MKRH_ABVD
מקרה קטרינג,MKRH_KTRYNG
מקרי הרצח בפוקס הולו: מגרש המשחקים של רוצח סדרתי,MKRY_HRTSH_BPVKS_HVLV_MGRSH_HMSHHKYM_SHEL_RVTSH_SDRTY
מקרי הרצח שלפני המרתון,MKRY_HRTSH_SHLPNY_HMRTVN
מר בחור,MR_BHVR
מר וגברת סמית',MR_VGBRT_SMYT
מר וגברת רצח,MR_VGBRT_RTSH
מר חצות: המפלצות באות,MR_HTSVT_HMPLTSVT_BAVT
מר מקמהן,MR_MKMHN
מר מרצדס,MR_MRTSDS
מר קורמן,MR_KVRMN
מר רובוט,MR_RVBVT
מראה שחורה,MRAH_SHHVRH
מרגל בין חברים,MRGL_BYN_HBRYM
מרגל מושלם,MRGL_MVSHLM
מרגלי קיימברידג',MRGLY_KYYMBRYDG
מרד,MRD
מרוששות,MRVSHSHVT
מרוששים,MRVSHSHYM
מרחבים סגורים,MRHBYM_SGVRYM
מרטש אמריקאי,MRTSH_AMRYKAY
מרי הורגת אנשים,MRY_HVRGT_ANSHYM
מרי וג'ורג',MRY_VGVRG
מריאן,MRYAN
מרילנד,MRYLND
מרלון,MRLVN
מרלין,MRLYN
מרפאה פרטית,MRPAH_PRTYT
מרצ'לה,MRTSLH
מרקו פולו,MRKV_PVLV
מרקיע שחקים: הסדרה,MRKYA_SHHKYM_HSDRH
מרתה ופרנקלין,MRTH_VPRNKLYN
משאבי אנוש,MSHABY_ANVSH
משבריסטית,MSHBRYSTYT
משוגעים מאהבה,MSHVGAYM_MAHBH
משועמם,MSHVAMM
משחק האמון,MSHHK_HAMVN
משחק השקרים,MSHHK_HSHKRYM
משחק השתיקה,MSHHK_HSHTYKH
משחק חוזר: קספרוב נגד המחשב,MSHHK_HVZR_KSPRVB_NGD_HMHSHB
משחקי ביסט,MSHHKY_BYST
משחקי הדיונון/משחק הדיונון,MSHHKY_HDYVNVNMSHHK_HDYVNVN
משחקי החיזור,MSHHKY_HHYZVR
משחקי הטיטאנים,MSHHKY_HTYTANYM
משחקי הכס,MSHHKY_HKS
משחקי ירושה,MSHHKY_YRVSHH
משחקי מוח,MSHHKY_MVH
משחקי פיתוי,MSHHKY_PYTVY
משחקים מקודשים,MSHHKYM_MKVDSHYM
משטרה רפואית,MSHTRH_RPVAYT
משטרת נאוואחו: מחזור 57,MSHTRT_NAVVAHV_MHZVR_57
משטרת פרדייס,MSHTRT_PRDYYS
משטרת פריז 1900,MSHTRT_PRYZ_1900
משיכה בעירום,MSHYKH_BAYRVM
משימה מיוחדת,MSHYMH_MYVHDT
משלחת חיפוש,MSHLHT_HYPVSH
משמורת משותפת,MSHMVRT_MSHVTPT
משמר החיות,MSHMR_HHYVT
משמר המפרץ,MSHMR_HMPRTS
משמר מאליבו: הסדרה,MSHMR_MALYBV_HSDRH
משמרת לילה,MSHMRT_LYLH
משמרת שניה,MSHMRT_SHNYH
משפחה אחת,MSHPHH_AHT
משפחה אמריקאית טובה,MSHPHH_AMRYKAYT_TVBH
משפחה בהפרעה,MSHPHH_BHPRAH
משפחה וצרות אחרות,MSHPHH_VTSRVT_AHRVT
משפחה זה הכל,MSHPHH_ZH_HKL
משפחה כמעט נורמלית,MSHPHH_KMAT_NVRMLYT
"משפחה לסופ""ש",MSHPHH_LSVPSH
משפחה מודרנית,MSHPHH_MVDRNYT
משפחה נרדפת,MSHPHH_NRDPT
משפחות כמו שלנו,MSHPHVT_KMV_SHLNV
משפחת אוקטובר,MSHPHT_AVKTVBR
משפחת ג'מסטון,MSHPHT_GMSTVN
משפחת הארדאקר,MSHPHT_HARDAKR
משפחת סימפסון,MSHPHT_SYMPSVN
משפחת פוסטר,MSHPHT_PVSTR
משפחת צוויפלר,MSHPHT_TSVVYPLR
משפחת קונר,MSHPHT_KVNR
משפחת קוסבי,MSHPHT_KVSBY
משפחת קנדי,MSHPHT_KNDY
משפחת קרדשיאן,MSHPHT_KRDSHYAN
משפחת רעם,MSHPHT_RAM
משפחת רעם: משימה חשאית,MSHPHT_RAM_MSHYMH_HSHAYT
משפחת שנטל,MSHPHT_SHNTL
משפצי החלודה,MSHPTSY_HHLVDH
משרת העם,MSHRT_HAM
משתגעים מאהבה,MSHTGAYM_MAHBH
משתלטים על מנהטן,MSHTLTYM_AL_MNHTN
משתתפים בצערך,MSHTTPYM_BTSARK
מת על הבמה,MT_AL_HBMH
מתבייתים,MTBYYTYM
מתה לסקס,MTH_LSKS
מתודלקים,MTVDLKYM
מתוק ומר,MTVK_VMR
מתוקה רצח,MTVKH_RTSH
מתות על החיים,MTVT_AL_HHYYM
מתחזים,MTHZYM
מתחשלים,MTHSHLYM
מתחת לגשר,MTHT_LGSHR
מתחת לפני השטח,MTHT_LPNY_HSHTH
מתים במשרה חלקית,MTYM_BMSHRH_HLKYT
מתפורר,MTPVRR
נאחזת בקרח,NAHZT_BKRH
נאמנות כפולה,NAMNVT_KPVLH
נאקלס,NAKLS
נארוטו,NARVTV
נאשוויל,NASHVVYL
נאשמים,NASHMYM
נבחר,NBHR
נגד הרוח,NGD_HRVH
נדמה לי שאני ערפדית,NDMH_LY_SHANY_ARPDYT
נהר ארוך בוהק,NHR_ARVK_BVHK
נהרות הארגמן,NHRVT_HARGMN
נהרות הגורל,NHRVT_HGVRL
נובל,NVBL
נוודים בארץ חדשה,NVVDYM_BARTS_HDSHH
נוכלים,NVKLYM
נוכלת בשירות החוק,NVKLT_BSHYRVT_HHVK
נולדו להיות ויראליים: החיים האמיתיים של ילדים משפיענים,NVLDV_LHYVT_VYRALYYM_HHYYM_HAMYTYYM_SHEL_YLDYM_MSHPYANYM
נולדו לרקוד,NVLDV_LRKVD
נולי,NVLY
נוספורטו,NVSPVRTV
נופל וקם,NVPL_VKM
נופש עובדים,NVPSH_AVBDYM
נופת צופים: מתפללים ושותקים,NVPT_TSVPYM_MTPLLYM_VSHVTKYM
נוקמים עם קלואי קרדשיאן,NVKMYM_AM_KLVAY_KRDSHYAN
נוקס,NVKS
נותנות בראש,NVTNVT_BRASH
נזירה לוחמת,NZYRH_LVHMT
נזקים,NZKYM
נחטפים,NHTPYM
נחיל,NHYL
נחש אסקס,NHSH_ASKS
נידונים,NYDVNYM
ניו אמסטרדם 2018,NYV_AMSTRDM_2018
נייטפלייר,NYYTPLYYR
נינג'גו: עליית הדרקונים,NYNGGV_ALYYT_HDRKVNYM
"נינג'ה ג'וניור ארה""ב",NYNGH_GVNYVR_ARHB
ניפ/טאק,NYPTAK
ניצחון או הפסד,NYTSHVN_AV_HPSD
"ניקי, ריקי, דיקי ודון",NYKY_RYKY_DYKY_VDVN
ניקיטה,NYKYTH
ניקיטה,NYKYTH
ניתוק,NYTVK
נל העריקה,NL_HARYKH
נלחמתי בחוק,NLHMTY_BHVK
נמל מסוכן,NML_MSVKN
נמלטים,NMLTYM
נמלטת על נפשם,NMLTT_AL_NPSHM
נמסיס,NMSYS
נני,NNY
ננסי דרו,NNSY_DRV
נס רפואי,NS_RPVAY
נסיך פאוריה,NSYK_PAVRYH
נסיכה לבנה,NSYKH_LBNH
נסיכת הזמן,NSYKT_HZMN
נסיכת הפילים,NSYKT_HPYLYM
נעורים גנובים: בתוך הכת בשרה לורנס,NAVRYM_GNVBYM_BTVK_HKT_BSHRH_LVRNS
נעלמת,NALMT
נער הזאב ומפעל ”הכול אפשרי“,NAR_HZAB_VMPAL_HKVL_APSHRY
נערות דרי,NARVT_DRY
נערות הכבלים,NARVT_HKBLYM
נערות נוצצות,NARVT_NVTSTSVT
נפילות חדות,NPYLVT_HDVT
נפילת בית אשר,NPYLT_BYT_ASHR
נפלאות גוף האדם,NPLAVT_GVP_HADM
נפרדנו כך,NPRDNV_KK
נצורים,NTSVRYM
נקודת ההרג,NKVDT_HHRG
נקודת זינוק,NKVDT_ZYNVK
‏נקודת מפנה: 11/9 והמלחמה בטרור,NKVDT_MPNH_119_VHMLHMH_BTRVR
נקודת מפנה: הפצצה והמלחמה הקרה,NKVDT_MPNH_HPTSTSH_VHMLHMH_HKRH
נקודת מפנה: מלחמת וייטנאם,NKVDT_MPNH_MLHMT_VYYTNAM
נקודת פיצוץ,NKVDT_PYTSVTS
נקודת רתיחה,NKVDT_RTYHH
נקודת שבירה,NKVDT_SHBYRH
נקודת שוויון,NKVDT_SHVVYVN
נקמה,NKMH
נקמה מחושבת,NKMH_MHVSHBT
נקמתה של ניק,NKMTH_SHEL_NYK
נקסט,NKST
נקקסה,NKKSH
"נראה אותך, אחי",NRAH_AVTK_AHY
נרדפת,NRDPT
נרקוס,NRKVS
נרקוס: מקסיקו,NRKVS_MKSYKV
נשואים,NSHVAYM
נשואים פלוס,NSHVAYM_PLVS
נשות הלעולם לא,NSHVT_HLAVLM_LA
נשות הציד,NSHVT_HTSYD
נשות הרוק,NSHVT_HRVK
נשות קבע,NSHVT_KBA
נשיכה,NSHYKH
נשים בכחול,NSHYM_BKHVL
נשים קטנות,NSHYM_KTNVT
נשימה בוערת,NSHYMH_BVART
נשק קטלני,NSHK_KTLNY
נתן לשירותך,NTN_LSHYRVTK
נתראה בחיים אחרים,NTRAH_BHYYM_AHRYM
סאות' פארק,SAVT_PARK
סאות'קליף,SAVTKLYP
סאלי לנצח,SALY_LNTSH
סאם וקאט,SAM_VKAT
סאם מסקסוניה,SAM_MSKSVNYH
סאני,SANY
סאקורה לוכדת הקלפים,SAKVRH_LVKDT_HKLPYM
סגני המנהל,SGNY_HMNHL
סדנה לעצבים,SDNH_LATSBYM
סדר אותי,SDR_AVTY
סדרה של צרות,SDRH_SHEL_TSRVT
סובורה,SVBVRH
סובורה לנצח,SVBVRH_LNTSH
סוג א,SVG_A
סוג של,SVG_SHEL
סוגה,SVGH
סוגרות חשבונות,SVGRVT_HSHBVNVT
סוד האחיות,SVD_HAHYVT
"סוד חוות העב""מים",SVD_HVVT_HABMYM
סודות בחצר האחורית,SVDVT_BHTSR_HAHVRYT
סודות האי המקולל,SVDVT_HAY_HMKVLL
סודות הפינגווינים,SVDVT_HPYNGVVYNYM
סודות הקוסמים נחשפים,SVDVT_HKVSMYM_NHSHPYM
סודות ושקרים,SVDVT_VSHKRYM
סודות משפחתיים,SVDVT_MSHPHTYYM
סודות של תמנונים,SVDVT_SHEL_TMNVNYM
סוואגר,SVVAGR
סוויט טות': נער עם קרניים,SVVYT_TVT_NAR_AM_KRNYYM
סוחבות,SVHBVT
סוכן הלילה,SVKN_HLYLH
סוכן חשאי,SVKN_HSHAY
סוכן מחוק,SVKN_MHVK
סוכנות הבילוש של דירק ג'נטלי,SVKNVT_HBYLVSH_SHEL_DYRK_GNTLY
סוכנות הבלשיות מספר 1,SVKNVT_HBLSHYVT_MSPR_1
סוכני הכאוס,SVKNY_HKAVS
סוכני העל,SVKNY_HAL
סוכני ש.י.ל.ד,SVKNY_SHYLD
סוכני שילד: מקלעת,SVKNY_SHYLD_MKLAT
סולוס,SVLVS
סוניק פריים,SVNYK_PRYYM
סוסים איטיים,SVSYM_AYTYYM
סוף,SVP
סוף העולם המזדיין,SVP_HAVLM_HMZDYYN
סוף העולם צפונה,SVP_HAVLM_TSPVNH
סוף הקיץ,SVP_HKYTS
סופּסל / סופסל,SVPSL__SVPSL
סופר גיקית,SVPR_GYKYT
סופרגירל,SVPRGYRL
סופרליג: מלחמת הכדורגל,SVPRLYG_MLHMT_HKDVRGL
סופרמן,SVPRMN
סופרמן ולויס,SVPRMN_VLVYS
סופרמנשן,SVPRMNSHN
סופרסטור,SVPRSTVR
סופרסקס,SVPRSKS
סט זוגי,ST_ZVGY
סטאמפטאון,STAMPTAVN
סטאר,STAR
סטארגייט אטלנטיס,STARGYYT_ATLNTYS
סטארגייט אס-גי'-1,STARGYYT_ASGY1
סטארגייט יוניברס,STARGYYT_YVNYBRS
סטארגייט מקורות,STARGYYT_MKVRVT
סטארגירל,STARGYRL
סטארט אפ,START_AP
סטודיו לחלומות,STVDYV_LHLVMVT
סטונהאוס,STVNHAVS
סטיק,STYK
סטן נגד כוחות הרשע,STN_NGD_KVHVT_HRSHA
סטנלי טוצ'י באיטליה,STNLY_TVTSY_BAYTLYH
סטרייק,STRYYK
סידני במקסימום,SYDNY_BMKSYMVM
סיטדל,SYTDL
סיטדל: דיאנה,SYTDL_DYANH
סיטדל: האני באני,SYTDL_HANY_BANY
סיטינג בול: גיבור אינדיאני,SYTYNG_BVL_GYBVR_AYNDYANY
סיילם,SYYLM
סיינט דניס מדיקל,SYYNT_DNYS_MDYKL
סיינט X,SYYNT_X
סיינפלד,SYYNPLD
סיינפלד,SYYNPLD
סיירת האבדון,SYYRT_HABDVN
סיכוי שווה לכולם,SYKVY_SHVVH_LKVLM
סילו,SYLV
סינגל מילפית,SYNGL_MYLPYT
סיפון תחתון: במעמקי הים,SYPVN_THTVN_BMAMKY_HYM
סיפון תחתון: הים התיכון,SYPVN_THTVN_HYM_HTYKVN
סיפון תחתון: הרפתקה,SYPVN_THTVN_HRPTKH
סיפון תחתון: יאכטת מפרשים,SYPVN_THTVN_YAKTT_MPRSHYM
סיפור אהבה,SYPVR_AHBH
סיפור אמיתי,SYPVR_AMYTY
סיפור האימה של דולורס רואץ',SYPVR_HAYMH_SHEL_DVLVRS_RVATS
סיפור החיים,SYPVR_HHYYM
סיפור מושלם,SYPVR_MVSHLM
סיפור על סירה,SYPVR_AL_SYRH
סיפור פשע אמריקאי,SYPVR_PSHA_AMRYKAY
סיפורה של דיאנה,SYPVRH_SHEL_DYANH
סיפורה של ליסי,SYPVRH_SHEL_LYSY
סיפורה של שפחה,SYPVRH_SHEL_SHPHH
סיפורו של אלוהים עם מורגן פרימן,SYPVRV_SHEL_ALVHYM_AM_MVRGN_PRYMN
סיפורי אימה אמריקאים,SYPVRY_AYMH_AMRYKAYM
סיפורי הג'דיי,SYPVRY_HGDYY
סיפורי המתים המהלכים,SYPVRY_HMTYM_HMHLKYM
סיפורי ספורט אמריקאים,SYPVRY_SPVRT_AMRYKAYM
סיפורי עמים,SYPVRY_AMYM
סיפורי ריגול,SYPVRY_RYGVL
סיפורים מהלולאה,SYPVRYM_MHLVLAH
סיפורים מופלאים 2020,SYPVRYM_MVPLAYM_2020
סיפורם של היהודים,SYPVRM_SHEL_HYHVDYM
סירנה,SYRNH
סירנות,SYRNVT
סלובורן,SLVBVRN
סלט יווני,SLT_YVVNY
סליפי הולו,SLYPY_HVLV
סלנקאי,SLNKAY
סמויים,SMVYYM
סמויים,SMVYYM
סמוך על סול,SMVK_AL_SVL
סמולוויל,SMVLVVYL
סמוראי ג'ק,SMVRAY_GK
סמנתה מי?,SMNTH_MY
סמנתה תחת מעקב: 13 שנים של אימה,SMNTH_THT_MAKB_13_SHNYM_SHEL_AYMH
סנאץ,SNATS
סנגור במבחן,SNGVR_BMBHN
סנדיטון,SNDYTVN
סנדמן,SNDMN
סנדרלנד עד המוות,SNDRLND_AD_HMVVT
סנטה אוויטה,SNTH_AVVYTH
סנטה במשרה חלקית ההרפתקה ממשיכה,SNTH_BMSHRH_HLKYT_HHRPTKH_MMSHYKH
סנטה קלריטה דיאט,SNTH_KLRYTH_DYAT
סנטרל פארק,SNTRL_PARK
סניקי פיט,SNYKY_PYT
סניקרהדס,SNYKRHDS
סנס8,SNS8
סעודת שישי,SAVDT_SHYSHY
סערה בכוס תה,SARH_BKVS_TH
ספארי מהאגדות,SPARY_MHAGDVT
ספארי רצחני,SPARY_RTSHNY
ספון,SPVN
ספוקי,SPVKY
ספינה טרופה,SPYNH_TRVPH
ספינת האהבה,SPYNT_HAHBH
ספירה לאחור,SPYRH_LAHVR
ספק סביר,SPK_SBYR
ספק סביר,SPK_SBYR
ספקטור,SPKTVR
ספר האורחים,SPR_HAVRHYM
ספר סקיצות,SPR_SKYTSVT
ספרטה,SPRTH
ספרטקוס,SPRTKVS
ספרטקוס: אלוהי הזירה,SPRTKVS_ALVHY_HZYRH
ספרי רפאים,SPRY_RPAYM
סקובי דו,SKVBY_DV
סקינס,SKYNS
סקנדל,SKNDL
סקנדל מלכותי,SKNDL_MLKVTY
סקס והעיר הגדולה,SKS_VHAYR_HGDVLH
סקס שלח אותי לחדר המיון,SKS_SHLH_AVTY_LHDR_HMYVN
"סקס, סמים ורוק אנד רול",SKS_SMYM_VRVK_AND_RVL
סקס/לייף,SKSLYYP
סקסיפיי,SKSYPYY
סקראבס,SKRABS
סרבנט / משרתת,SRBNT__MSHRTT
סרנגטי,SRNGTY
סתם עוד ג'ו,STM_AVD_GV
"עב""ם",ABM
"עב""מ(ים)",ABMYM
"עב""מים: תיק חקירה",ABMYM_TYK_HKYRH
עבודת מרגלים,ABVDT_MRGLYM
עבור כל האנושות,ABVR_KL_HANVSHVT
עברייני על,ABRYYNY_AL
עבריינים,ABRYYNYM
עד המוות,AD_HMVVT
עד עצם היום הזה,AD_ATSM_HYVM_HZH
עדות זועקת,ADVT_ZVAKT
עדי ראייה,ADY_RAYYH
עדיין לא מתים,ADYYN_LA_MTYM
עדיין ערים,ADYYN_ARYM
עדים,ADYM
עובדת על זה,AVBDT_AL_ZH
עוברים להודו,AVBRYM_LHVDV
עוגה או לא עוגה?,AVGH_AV_LA_AVGH
עוגה שחורה,AVGH_SHHVRH
עוזרות בית נחושות,AVZRVT_BYT_NHVSHVT
עוזרת בית,AVZRT_BYT
עולה להתקפה,AVLH_LHTKPH
עולם בלהבות,AVLM_BLHBVT
עולם זעיר,AVLM_ZAYR
עולם חדש,AVLM_HDSH
עולם חדש מופלא,AVLM_HDSH_MVPLA
עולם ללא קץ,AVLM_LLA_KTS
עולם מופלא,AVLM_MVPLA
עולם מופלא 2,AVLM_MVPLA_2
עולם מופלא 3,AVLM_MVPLA_3
עולם קפוא,AVLM_KPVA
עולמו של דייב,AVLMV_SHEL_DYYB
עולמות חוצניים,AVLMVT_HVTSNYYM
עוצר לילי,AVTSR_LYLY
עוצר נשימה,AVTSR_NSHYMH
עוקב סדרתי,AVKB_SDRTY
עושה בית ספר,AVSHH_BYT_SPR
עושות בכאילו,AVSHVT_BKAYLV
עושות כותרות,AVSHVT_KVTRVT
עושים הסטוריה,AVSHYM_HSTVRYH
עושים סדר עם מארי קונדו,AVSHYM_SDR_AM_MARY_KVNDV
עטייה,ATYYH
עיירה ללא מוצא,AYYRH_LLA_MVTSA
עיירה מאושרת,AYYRH_MAVSHRT
"עיירה קטנה, סיפור גדול",AYYRH_KTNH_SYPVR_GDVL
עיירת הפחד,AYYRT_HPHD
עין פקוחה,AYN_PKVHH
עין קווירית,AYN_KVVYRYT
עין קווירית: ברזיל,AYN_KVVYRYT_BRZYL
עין קווירית: גרמניה,AYN_KVVYRYT_GRMNYH
עין קווירית: כובשים את יפן בסערה,AYN_KVVYRYT_KVBSHYM_AT_YPN_BSARH
עיניים כחולות,AYNYYM_KHVLVT
עיניים עצומות,AYNYYM_ATSVMVT
עיצובי פנים מדהימים,AYTSVBY_PNYM_MDHYMYM
עיר בלהבות,AYR_BLHBVT
עיר הברקת,AYR_HBRKT
עיר נסתרת,AYR_NSTRT
עיר סודית,AYR_SVDYT
עיר של מרגלים,AYR_SHEL_MRGLYM
עיר של שקרים,AYR_SHEL_SHKRYM
עירום ומפוחד: האחרון שנותר,AYRVM_VMPVHD_HAHRVN_SHNVTR
עירום ומפוחד: לבד,AYRVM_VMPVHD_LBD
עירוני בלו מאונטיין,AYRVNY_BLV_MAVNTYYN
עיתון,AYTVN
עכשיו ואז,AKSHYV_VAZ
על הכוונת,AL_HKVVNT
על הפנים,AL_HPNYM
על הקצה,AL_HKTSH
על טבעי,AL_TBAY
על פיות וילדים אבודים,AL_PYVT_VYLDYM_ABVDYM
על פני המים,AL_PNY_HMYM
על קסמים ואנשים,AL_KSMYM_VANSHYM
עלובי החיים,ALVBY_HHYYM
עלומים,ALVMYM
עליית העורב,ALYYT_HAVRB
עלייתה ונפילתה של אליזבת' הולמס,ALYYTH_VNPYLTH_SHEL_ALYZBT_HVLMS
עלייתם של הנאצים,ALYYTM_SHEL_HNATSYM
עלילות דיקנס,ALYLVT_DYKNS
עלילות הבית של דודה דונה,ALYLVT_HBYT_SHEL_DVDH_DVNH
עלילות הפתן השחור,ALYLVT_HPTN_HSHHVR
עמודי תבל,AMVDY_TBL
עמוק באדמה,AMVK_BADMH
עמק האושר,AMK_HAVSHR
עמק המוות,AMK_HMVVT
עמק הסיליקון,AMK_HSYLYKVN
ענקים,ANKYM
עסק משפחתי,ASK_MSHPHTY
עסקי השימפנזות,ASKY_HSHYMPNZVT
עצבים,ATSBYM
עקבות בשטח,AKBVT_BSHTH
עקורים,AKVRYM
עקרות בית אמיתיות: בוורלי הילס,AKRVT_BYT_AMYTYVT_BVVRLY_HYLS
עקרות בית אמיתיות: דאלאס,AKRVT_BYT_AMYTYVT_DALAS
עקרות בית אמיתיות: ניו ג'רזי,AKRVT_BYT_AMYTYVT_NYV_GRZY
עקרות בית אמיתיות: ניו יורק,AKRVT_BYT_AMYTYVT_NYV_YVRK
עקרות בית אמיתיות: סולט לייק סיטי,AKRVT_BYT_AMYTYVT_SVLT_LYYK_SYTY
עקרות בית נואשות,AKRVT_BYT_NVASHVT
ערי הזהב הנסתרות,ARY_HZHB_HNSTRVT
ערנות,ARNVT
ערפדית: בין שני עולמות,ARPDYT_BYN_SHNY_AVLMVT
עשן,ASHN
עשרה אחוז ברלין,ASHRH_AHVZ_BRLYN
עשרה ימים בוואלי,ASHRH_YMIM_BVVALY
עשרים וארבע שעות לגיהנום וחזרה,ASHRYM_VARBA_SHAVT_LGYHNVM_VHZRH
עשרים ומשהו: אוסטין,ASHRYM_VMSHHV_AVSTYN
פאוור ריינג'רס,PAVVR_RYYNGRS
פאוורס,PAVVRS
פאולין,PAVLYN
פאט טיוזדיי,PAT_TYVZDYY
פאלם רויאל,PALM_RVYAL
פאם וטומי,PAM_VTVMY
פאניקה 2021,PANYKH_2021
פאנק'ד,PANKD
פאראד,PARAD
פארגו,PARGV
פארזאר,PARZAR
פאריה נקסוס,PARYH_NKSVS
פאריניה,PARYNYH
פארק 666,PARK_666
"פבלו אסקובר, פטרון הרשע",PBLV_ASKVBR_PTRVN_HRSHA
פגע וברח,PGA_VBRH
פה גדול,PH_GDVL
פה למעלה,PH_LMALH
פו פייטרס בדרכים,PV_PYYTRS_BDRKYM
פובאר,PVBAR
פוזה,PVZH
פוטנציאל גבוה,PVTNTSYAL_GBVH
פול ט. גולדמן,PVL_T_GVLDMN
פולאאוט,PVLAAVT
פולדארק,PVLDARK
פולשים,PVLSHYM
פולשים 2021,PVLSHYM_2021
פוסי/ורדון,PVSYVRDVN
פוקר פייס,PVKR_PYYS
פוריה,PVRYH
פורמולה 1: המרוץ לניצחון,PVRMVLH_1_HMRVTS_LNYTSHVN
פורני,PVRNY
פורעי החוק,PVRAY_HHVK
פחות ממושלמת,PHVT_MMVSHLMT
פחמן משודרג,PHMN_MSHVDRG
פטריק מלרוז,PTRYK_MLRVZ
פי-ווי בתפקיד עצמו,PYVVY_BTPKYD_ATSMV
פיוצ'רמה,PYVTSRMH
פיזיקל,PYZYKL
פיין גאפ,PYYN_GAP
פיינס חוזר לטבע,PYYNS_HVZR_LTBA
פיירפלי,PYYRPLY
פיירפליי ליין,PYYRPLYY_LYYN
פיירפקס,PYYRPKS
פיישנס,PYYSHNS
פילדלפיה זורחת,PYLDLPYH_ZVRHT
פינת אור,PYNT_AVR
פיסטול,PYSTVL
פיסמייקר,PYSMYYKR
פיפ שואו,PYP_SHVAV
פיץ' פרפקט: באמפר בברלין,PYTS_PRPKT_BAMPR_BBRLYN
פיצוי יתר,PYTSVY_YTR
פיקניק בהאנגינג רוק,PYKNYK_BHANGYNG_RVK
פירסון,PYRSVN
פיתוי גורלי,PYTVY_GVRLY
פלאי הקודש עם דניס קוויד,PLAY_HKVDSH_AM_DNYS_KVVYD
פלאש גורדון,PLASH_GVRDVN
פלאש פורוורד,PLASH_PVRVVRD
פלוריבמה שור,PLVRYBMH_SHVR
פליבג,PLYBG
פליידייט,PLYYDYYT
פליישמן בצרות,PLYYSHMN_BTSRVT
פלישה,PLYSHH
פלישה סודית,PLYSHH_SVDYT
פלמינג,PLMYNG
פנדה,PNDH
פנטזמאס,PNTZMAS
פני,PNY
פני דרדפול,PNY_DRDPVL
פני האמת,PNY_HAMT
פני הרוע,PNY_HRVA
פני השטח,PNY_HSHTH
פניוורת',PNYVVRT
פנתרות,PNTRVT
פסיכולוג לרגע,PSYKVLVG_LRGA
פסיפס,PSYPS
פעם מלכה תמיד מלכה,PAM_MLKH_TMYD_MLKH
פצ'ינקו,PTSYNKV
פרדייז,PRDYYZ
פרוורי הגיהנום,PRVVRY_HGYHNVM
פרוייקט לזרוס,PRVYYKT_LZRVS
פרוייקט מסלול,PRVYYKT_MSLVL
פרויקט טיירנט,PRVYKT_TYYRNT
פרויקט יומני הסקס,PRVYKT_YVMNY_HSKS
"פרויקט עב""ם",PRVYKT_ABM
פרויקט MC2,PRVYKT_MC2
פרונטיר,PRVNTYR
פרופיל מזויף,PRVPYL_MZVYP
פרוצות,PRVTSVT
פרי מייסון,PRY_MYYSVN
פרי: הסדרה,PRY_HSDRH
פריבלגים,PRYBLGYM
פרייז’ר 2023,PRYYZR_2023
פרינג',PRYNG
פריס וניקול: הדרן,PRYS_VNYKVL_HDRN
פריצת דרך,PRYTST_DRK
פריש,PRYSH
פרל,PRL
פרנואיד,PRNVAYD
פרנקלין,PRNKLYN
פרנקלין ובאש,PRNKLYN_VBASH
פרנקלין רוזוולט,PRNKLYN_RVZVVLT
פרסי ג'קסון והאולימפיים,PRSY_GKSVN_VHAVLYMPYYM
פרפר,PRPR
פרשיות סמויות,PRSHYVT_SMVYVT
פשוט ג'ו,PSHVT_GV
פשוט ככה...,PSHVT_KKH
פשוט להרוג,PSHVT_LHRVG
פשע אמריקאי,PSHA_AMRYKAY
פשע באדינבורו,PSHA_BADYNBVRV
פשע במעגל סגור,PSHA_BMAGL_SGVR
פשע המאה,PSHA_HMAH
פשע מן העבר,PSHA_MN_HABR
פתאום כוכבת,PTAVM_KVKBT
צ'אד פאוורס,TSAD_PAVVRS
צ'אנס,TSANS
צ'אק,TSAK
צ'אקי,TSAKY
צ'יינה טאון מבפנים,TSYYNH_TAVN_MBPNYM
צ'יף המלחמה,TSYP_HMLHMH
צ'יקה ומפירו,TSYKH_VMPYRV
צ'יקן סיסטרס,TSYKN_SYSTRS
צ'מפיון,TSMPYVN
צ'רנוביל,TSRNVBYL
צ'רצ'יל במלחמה,TSRTSYL_BMLHMH
צדים היסטוריה עם סטיבן רינלה,TSDYM_HYSTVRYH_AM_STYBN_RYNLH
צדק לכל החיים,TSDK_LKL_HHYYM
צדק מאוחר,TSDK_MAVHR
צדק פלילי,TSDK_PLYLY
צדק פרטי,TSDK_PRTY
צדק פרטי עיר ראשונית,TSDK_PRTY_AYR_RASHVNYT
צה!ב,TSHB
צווארון לבן,TSVVARVN_LBN
צוות אי.טי,TSVVT_AYTY
צוות עקרב,TSVVT_AKRB
צוות פריז,TSVVT_PRYZ
צועניה,TSVANYH
צחוק מהחוק,TSHVK_MHHVK
צייד הראשים,TSYYD_HRASHYM
ציידי בתים במיליון דולר,TSYYDY_BTYM_BMYLYVN_DVLR
ציידי האוצרות,TSYYDY_HAVTSRVT
ציידי האוצרות: המשחזרים,TSYYDY_HAVTSRVT_HMSHHZRYM
ציידי הצללים,TSYYDY_HTSLLYM
ציידים,TSYYDYM
ציפור אלוהים שבשמים,TSYPVR_ALVHYM_SHBSHMYM
ציפור קטנה,TSYPVR_KTNH
ציפור שחורה,TSYPVR_SHHVRH
ציפורים מתות בסתר,TSYPVRYM_MTVT_BSTR
צל ועצם,TSL_VATSM
צלילי כדור הארץ,TSLYLY_KDVR_HARTS
צללים קפואים,TSLLYM_KPVAYM
צלמוות,TSLMVVT
צלמים,TSLMYM
צלצול,TSLTSVL
צמיגים,TSMYGYM
צמרמורת,TSMRMVRT
צעד אחד קדימה,TSAD_AHD_KDYMH
צעד וחצי,TSAD_VAHEZI
צעירים ועשירים,TSAYRYM_VASHYRYM
"צעירים, מפורסמים ואפריקאים",TSAYRYM_MPVRSMYM_VAPRYKAYM
צעקה,TSAKH
צער גידול בנות,TSAR_GYDVL_BNVT
צער גידול בנות: הדור הבא,TSAR_GYDVL_BNVT_HDVR_HBA
צרות טובות,TSRVT_TVBVT
קאובוי ביבופ,KAVBVY_BYBVP
קאוליץ וקאוליץ,KAVLYTS_VKAVLYTS
קאטפיש,KATPYSH
קאסל,KASL
קאפריקה,KAPRYKH
קארם,KARM
קבלו אותי,KBLV_AVTY
קדושים וזרים,KDVSHYM_VZRYM
קהל שבוי,KHL_SHBVY
קו המים,KV_HMYM
קואלה מן,KVALH_MN
קוברה קאי,KVBRH_KAY
קוגר טאון,KVGR_TAVN
קוד 100,KVD_100
קוד 404,KVD_404
קוד בלאק,KVD_BLAK
קוד חירום,KVD_HYRVM
קוד פלילי,KVD_PLYLY
קוד צבאי,KVD_TSBAY
קוד שרוף,KVD_SHRVP
קווים לבנים,KVVYM_LBNYM
קווין יכול לחכות,KVVYN_YKVL_LHKVT
קווינז,KVVYNZ
קוויני,KVVYNY
קוונטיקו,KVVNTYKV
קול קטן,KVL_KTN
קולומביה: מעבורת החלל שנפלה מהשמיים,KVLVMBYH_MABVRT_HHLL_SHNPLH_MHSHMYYM
קולוסיאום,KVLVSYAVM
קולין מהנהלת חשבונות,KVLYN_MHNHLT_HSHBVNVT
קומיוניטי,KVMYVNYTY
קומיקאים במכונית שותים קפה,KVMYKAYM_BMKVNYT_SHVTYM_KPH
קומנדו שש,KVMNDV_SHSH
קונדור,KVNDVR
קונטרול זי,KVNTRVL_ZY
קונסטלציה,KVNSTLTSYH
קונסטנטין,KVNSTNTYN
קונפליקט,KVNPLYKT
קוסמוס: מסע לחלל,KVSMVS_MSA_LHLL
קוסמים נגד חייזרים,KVSMYM_NGD_HYYZRYM
קופ וקאמי שואלים את העולם,KVP_VKAMY_SHVALYM_AT_HAVLM
קוף רע,KVP_RA
קוקושאקר,KVKVSHAKR
קוראים לי ארל,KVRAYM_LY_ARL
קוראים לי מג'יק,KVRAYM_LY_MGYK
קורטני וקים עושות את ניו יורק,KVRTNY_VKYM_AVSHVT_AT_NYV_YVRK
קורטני וקלואי עושות את מיאמי,KVRTNY_VKLVAY_AVSHVT_AT_MYAMY
קז'ואל,KZVAL
קטלה,KTLH
קטן מהחיים,KTN_MHHYYM
קטן עלינו: טריקים לעיצוב הבית,KTN_ALYNV_TRYKYM_LAYTSVB_HBYT
קטסטרופה,KTSTRVPH
קיזי מוטו: דור האש,KYZY_MVTV_DVR_HASH
קיי סטריט,KYY_STRYT
קיי.סי אנדרקאבר,KYYSY_ANDRKABR
קייטי קין,KYYTY_KYN
קייל XY,KYYL_XY
קייסי אנתוני: כשהאמת משקרת,KYYSY_ANTVNY_KSHHAMT_MSHKRT
קייפ טאון,KYYP_TAVN
קילג'ויס,KYLGVYS
קימי שמידט,KYMY_SHMYDT
קינג ומקסוול,KYNG_VMKSVVL
קיץ שחור,KYTS_SHHVR
קיקיוואקה: מחנה קיץ,KYKYVVAKH_MHNH_KYTS
קירי,KYRY
קל כנוצה,KL_KNVTSH
קלארק,KLARK
קלואי,KLVAY
קליאו,KLYAV
קליבלנד,KLYBLND
קליידוסקופ,KLYYDVSKVP
קליפד: מאחורי הקלעים של לוס אנג’לס קליפרס,KLYPD_MAHVRY_HKLAYM_SHEL_LVS_ANGLS_KLYPRS
קליפורניקיישן,KLYPVRNYKYYSHN
קליקבייט,KLYKBYYT
קליקה,KLYKH
קמדן,KMDN
"קמח לבן, כסף שחור",KMH_LBN_KSP_SHHVR
"קמים לתחייה: ארה""ב",KMYM_LTHYYH_ARHB
קמים לתחייה: צרפת,KMYM_LTHYYH_TSRPT
קמלוט,KMLVT
קמפינג,KMPYNG
קסטלווניה: נוקטורנו,KSTLVVNYH_NVKTVRNV
קסם של הורים: מוזר למדי,KSM_SHEL_HVRYM_MVZR_LMDY
קסנדרה,KSNDRH
קפה ומאפה,KPH_VMAPH
קץ הילדות,KTS_HYLDVT
קצה האגם,KTSH_HAGM
קצה כדור הארץ,KTSH_KDVR_HARTS
קצר וקולע,KTSR_VKVLA
קראנפורד,KRANPVRD
קראש וברן,KRASH_VBRN
קרבת דם,KRBT_DM
קרדינל,KRDYNL
קרוב מדי,KRVB_MDY
קרול וסוף העולם,KRVL_VSVP_HAVLM
קרוליין,KRVLYYN
קרוס,KRVS
קרוסאובר,KRVSAVBR
קרועים,KRVAYM
קרטל הבוקרים,KRTL_HBVKRYM
קריפטון,KRYPTVN
קריקטורה של נשיא,KRYKTVRH_SHEL_NSHYA
קרניבל,KRNYBL
קרניבל רואו,KRNYBL_RVAV
קשר דם,KSHR_DM
קשרים מהעבר,KSHRYM_MHABR
קתרינה,KTRYNH
קתרינה: 20 שנה אחרי,KTRYNH_20_SHNH_AHRY
ראגנארוק,RAGNARVK
ראלף וקייטי,RALP_VKYYTY
ראמי,RAMY
ראצ'ד,RATSD
ראש העיר,RASH_HAYR
ראש העיר של קינגסטאון,RASH_HAYR_SHEL_KYNGSTAVN
ראשו של חואקין מורייטה,RASHV_SHEL_HVAKYN_MVRYYTH
ראשון בזירה,RASHVN_BZYRH
ראשונה במעלה,RASHVNH_BMALH
רגליים קרות,RGLYYM_KRVT
רגעים קטנים של אושר,RGAYM_KTNYM_SHEL_AVSHR
רגשות אשמה,RGSHVT_ASHMH
רד אוקס,RD_AVKS
רואדיז,RVADYZ
רואה מרחוק,RVAH_MRHVK
רובוטריקים: פריים,RVBVTRYKYM_PRYYM
רובין הוד,RVBYN_HVD
רוד נוק,RVD_NVK
רודיאו,RVDYAV
רודפי הגלים,RVDPY_HGLYM
רווק הזהב,RVVK_HZHB
רווקת הזהב,RVVKT_HZHB
רוזוול,RVZVVL
"רוזוול, ניו מקסיקו",RVZVVL_NYV_MKSYKV
רוחות בית הספר,RVHVT_BYT_HSPR
רוחות מלחמה,RVHVT_MLHMH
"רוחות רפאים: ארה""ב",RVHVT_RPAYM_ARHB
רוחות רפאים: בריטניה,RVHVT_RPAYM_BRYTNYH
רוי גרייס,RVY_GRYYS
רוייאלס רולס אוהיו,RVYYALS_RVLS_AVHYV
רומא,RVMA
רופא כלבבי,RVPA_KLBBY
רופא להשכיר,RVPA_LHSHKYR
רופא ללא גבולות,RVPA_LLA_GBVLVT
רוצח הסמיילי,RVTSH_HSMYYLY
רוצח הקריאה האחרונה,RVTSH_HKRYAH_HAHRVNH
רוצח נעלם בחשיכה,RVTSH_NALM_BHSHYKH
רוק 30,RVK_30
רוק בבית הספר,RVK_BBYT_HSPR
רוק הצעיר,RVK_HTSAYR
רוקי בלו,RVKY_BLV
רחוב האנטר,RHVB_HANTR
רחובות קשוחים,RHVBVT_KSHVHYM
רחוק למטה,RHVK_LMTH
ריבוס,RYBVS
ריביירה,RYBYYRH
ריבר,RYBR
ריברדייל,RYBRDYYL
ריזוטו,RYZVTV
ריזולי ואיילס,RYZVLY_VAYYLS
ריטה,RYTH
ריטה רוק,RYTH_RVK
ריי דונובן,RYY_DVNVBN
רייבנסווד,RYYBNSVVD
רייקה,RYYKH
ריפלי,RYPLY
ריפר,RYPR
ריצ’ר,RYTSR
ריק ומורטי,RYK_VMVRTY
רכבת הקרח,RKBT_HKRH
רכבת לילה,RKBT_LYLH
רליק,RLYK
רמאית,RMAYT
רנסום קניון,RNSVM_KNYVN
רעבה לאהבה,RABH_LAHBH
רעבים,RABYM
רפואה משפחתית,RPVAH_MSHPHTYT
רפואה שחורה,RPVAH_SHHVRH
רצח אופי,RTSH_AVPY
רצח בדם קר,RTSH_BDM_KR
רצח בחווה הלבנה,RTSH_BHVVH_HLBNH
רצח במידל ביץ',RTSH_BMYDL_BYTS
רצח בקצה העולם,RTSH_BKTSH_HAVLM
רצח בשטיפת מוח,RTSH_BSHTYPT_MVH
רצח בשישה חלקים,RTSH_BSHYSHH_HLKYM
רצח בשלושת האורנים,RTSH_BSHLVSHT_HAVRNYM
רצח בתפקיד,RTSH_BTPKYD
רצח מאדום לשחור,RTSH_MADVM_LSHHVR
רצח עם מודעות,RTSH_AM_MVDAVT
רציחות בוולהאלה,RTSYHVT_BVVLHALH
רציחות בסטארבד רוק,RTSYHVT_BSTARBD_RVK
רציחות חנות היוגורט,RTSYHVT_HNVT_HYVGVRT
רציחות מחוז פמברוקשייר,RTSYHVT_MHVZ_PMBRVKSHYYR
רצף הזמן,RTSP_HZMN
רק לא זה,RK_LA_ZH
רק רוצחים בבניין,RK_RVTSHYM_BBNYYN
רק רוצחים בגינה,RK_RVTSHYM_BGYNH
רקוויאם,RKVVYAM
רשימת הלקוחות,RSHYMT_HLKVHVT
רשימת חיסול,RSHYMT_HYSVL
רשימת חיסול: זאב אפל,RSHYMT_HYSVL_ZAB_APL
רשת של מוות,RSHT_SHEL_MVVT
שאגה,SHAGH
שאלת מיליון הדולר,SHALT_MYLYVN_HDVLR
שאנטראם,SHANTRAM
שאק,SHAK
שארדלייק,SHARDLYYK
שארק,SHARK
שבב של אהבה,SHBB_SHEL_AHBH
שבדיה אהובתי,SHBDYH_AHVBTY
שבועיים לחיות,SHBVAYYM_LHYVT
שבע שניות,SHBA_SHNYVT
שבעה סוגי עמימות,SHBAH_SVGY_AMYMVT
"שבעה עולמות, כוכב אחד",SHBAH_AVLMVT_KVKB_AHD
שבריריוֹת,SHBRYRYVT
שד בקמפוס,SHD_BKMPVS
שדה התעופה של דובאי,SHDH_HTAVPH_SHEL_DVBAY
שדים ומושיעים,SHDYM_VMVSHYAYM
שדכנות מודרנית,SHDKNVT_MVDRNYT
שואה,SHVAH
שובה של משפחת ראפטר,SHVBH_SHEL_MSHPHT_RAPTR
שובר שורות,SHVBR_SHVRVT
שוגון,SHVGVN
שוגון,SHVGVN
שוגר,SHVGR
שוד היהלום,SHVD_HYHLVM
שוד משמיים,SHVD_MSHMYYM
שודדי הזמן,SHVDDY_HZMN
שודדים,SHVDDYM
שודדים חדשים,SHVDDYM_HDSHYM
שודדים: הסדרה,SHVDDYM_HSDRH
שוות בקליבלנד,SHVVT_BKLYBLND
שוטר,SHVTR
שוטר טוב/שוטר רע,SHVTR_TVBSHVTR_RA
שוטרי שיקגו,SHVTRY_SHYKGV
שוטרים בדם,SHVTRYM_BDM
שולחן לחמישה,SHVLHN_LHMYSHH
שולחן לחמישה 2020,SHVLHN_LHMYSHH_2020
שומר אחי,SHVMR_AHY
שומר הראש,SHVMR_HRASH
שומרי האוצרות,SHVMRY_HAVTSRVT
שומרי האוצרות: הדור הבא,SHVMRY_HAVTSRVT_HDVR_HBA
שומרי הצדק,SHVMRY_HTSDK
שומרת סוד,SHVMRT_SVD
שון כבשון,SHVN_KBSHVN
שונאים את סוזי,SHVNAYM_AT_SVZY
שורדי העל של הטבע,SHVRDY_HAL_SHEL_HTBA
שורדת בגדול,SHVRDT_BGDVL
שורשים 2016,SHVRSHYM_2016
שושבינות עם סודות,SHVSHBYNVT_AM_SVDVT
שושלות,SHVSHLVT
שושלת,SHVSHLT
שושלת 2017,SHVSHLT_2017
שושלת בורג'יה,SHVSHLT_BVRGYH
שושלת גינס,SHVSHLT_GYNS
שושלת טיודור,SHVSHLT_TYVDVR
שושלת טראמפ,SHVSHLT_TRAMP
שושלת רומנוב,SHVSHLT_RVMNVB
שושלת: ניו אינגלנד פטריוטס,SHVSHLT_NYV_AYNGLND_PTRYVTS
שותפים למסע,SHVTPYM_LMSA
שחור-כזה,SHHVRKZH
"שחורים, נעדרים",SHHVRYM_NADRYM
שחר האתמול,SHHR_HATMVL
שטח הפקר,SHTH_HPKR
שטח מת,SHTH_MT
שטן במשפחה: הנפילה של רובי פרנקי,SHTN_BMSHPHH_HNPYLH_SHEL_RVBY_PRNKY
שי-האלק: עורכת דין בשירות החוק,SHYHALK_AVRKT_DYN_BSHYRVT_HHVK
שיבורכו הארטים,SHYBVRKV_HARTYM
שיחות,SHYHVT
שיחות עם חברים,SHYHVT_AM_HBRYM
שיחת חירום,SHYHT_HYRVM
שיט'ס קריק,SHYTS_KRYK
שיטת קומינסקי,SHYTT_KVMYNSKY
שיי טאון,SHYY_TAVN
שייק,SHYYK
שייקספיר: עלייתו של גאון,SHYYKSPYR_ALYYTV_SHEL_GAVN
שיעור ברצח,SHYAVR_BRTSH
שיעורים בכימיה,SHYAVRYM_BKYMYH
שיפצת? הרווחת!,SHYPTST_HRVVHT
שיקגו מד,SHYKGV_MD
שירות חשאי מאוד,SHYRVT_HSHAY_MAVD
שככה יהיה לי טוד,SHKKH_YHYH_LY_TVD
שכר ועונש,SHKR_VAVNSH
שלג צח,SHLG_TSH
שלדון הצעיר,SHLDVN_HTSAYR
שלום יפייפה: אנטומיה של הונאה רומנטית,SHLVM_YPYYPH_ANTVMYH_SHEL_HVNAH_RVMNTYT
שלום כלא,SHLVM_KLA
שלום מחר!,SHLVM_MHR
שלוש אהבות / יותר מידי אהבה,SHLVSH_AHBVT__YVTR_MYDY_AHBH
שלוש נשים,SHLVSH_NSHYM
שלוש עשרה,SHLVSH_ASHRH
שלושה בדירה אחת,SHLVSHH_BDYRH_AHT
שלושה זה יותר מדי,SHLVSHH_ZH_YVTR_MDY
שלושה מטרים מעל השמיים,SHLVSHH_MTRYM_MAL_HSHMYYM
שלושים ומשהו,SHLVSHYM_VMSHHV
שליטי היקום: הגילוי,SHLYTY_HYKVM_HGYLVY
שלך לנצח,SHLK_LNTSH
שלל,SHLL
שם בחוץ: פשעים על טבעיים,SHM_BHVTS_PSHAYM_AL_TBAYYM
שמח,SHMH
שמח בכלא,SHMH_BKLA
שמי הלילה,SHMY_HLYLH
שמיגדון!,SHMYGDVN
שמיים אדומים,SHMYYM_ADVMYM
שמיים גדולים,SHMYYM_GDVLYM
שמירה צמודה,SHMYRH_TSMVDH
שמישהו יאכיל את פיל,SHMYSHHV_YAKYL_AT_PYL
שממה,SHMMH
שמש חזקה,SHMSH_HZKH
שנות הקסם,SHNVT_HKSM
שנות השבעים,SHNVT_HSHBAYM
שני גברים וחצי,SHNY_GBRYM_VAHEZI
שני האחרים,SHNY_HAHRYM
שני נהרות,SHNY_NHRVT
שני צדדים לרצח,SHNY_TSDDYM_LRTSH
שניים עשר קופים,SHNYYM_ASHR_KVPYM
שנים-עשר,SHNYMASHR
שעה מכושפת,SHAH_MKVSHPT
שערורייה בריטית למדי 2021,SHARVRYYH_BRYTYT_LMDY_2021
שערוריייה אנגלית למדי,SHARVRYYYH_ANGLYT_LMDY
שעת הזהב,SHAT_HZHB
שעת המוות,SHAT_HMVVT
שעת השטן,SHAT_HSHTN
שפץ ביתך,SHPTS_BYTK
שקר לי,SHKR_LY
"שקר, מצלמים",SHKR_MTSLMYM
שקרים אמיתיים,SHKRYM_AMYTYYM
שקרים ומרמה,SHKRYM_VMRMH
שקרים ונשיקות,SHKRYM_VNSHYKVT
שקרים חולפים,SHKRYM_HVLPYM
שקרים לבנים,SHKRYM_LBNYM
שקרים מהעבר,SHKRYM_MHABR
שקרים קטנים גדולים,SHKRYM_KTNYM_GDVLYM
שקרן/שקרנית,SHKRNSHKRNYT
שקרניות קטנות,SHKRNYVT_KTNVT
שקרניות קטנות: הפרפקציוניסטיות,SHKRNYVT_KTNVT_HPRPKTSYVNYSTYVT
שר הטבעות: טבעות הכוח,SHR_HTBAVT_TBAVT_HKVH
שרברבי הבית הלבן,SHRBRBY_HBYT_HLBN
שרה: אישה בין הצללים,SHRH_AYSHH_BYN_HTSLLYM
שרוטים,SHRVTYM
שרינקינג,SHRYNKYNG
שריפות קטנות בכל מקום,SHRYPVT_KTNVT_BKL_MKVM
שרלוק,SHRLVK
שרלוק ובתו,SHRLVK_VBTV
שש ידיים,SHSH_YDYYM
שש-ארבע,SHSHARBA
שתי קרועות,SHTY_KRVAVT
תא 211,TA_211
תא לחץ,TA_LHTS
תא רדום,TA_RDVM
תאגיד,TAGYD
תאוות נדודים,TAVVT_NDVDYM
תאומות המריבה,TAVMVT_HMRYBH
תברחי,TBRHY
תגיד לי שאתה אוהב אותי,TGYD_LY_SHATH_AVHB_AVTY
תגליות מסתוריות עם דני טרחו,TGLYVT_MSTVRYVT_AM_DNY_TRHV
תדר,TDR
תובעת על עקבים,TVBAT_AL_AKBYM
תודה רבה ולילה טוב: הסיפור של בון ג׳ובי,TVDH_RBH_VLYLH_TVB_HSYPVR_SHEL_BVN_GVBY
תוכנית אבא,TVKNYT_ABA
תוכנית הבוקר,TVKNYT_HBVKR
תולדות השנארה,TVLDVT_HSHNARH
תולדות פרנקנשטיין,TVLDVT_PRNKNSHTYYN
תומאס ג'פרסון,TVMAS_GPRSVN
תופסת,TVPST
תושב חוץ,TVSHB_HVTS
תזרמו עם זה,TZRMV_AM_ZH
תחיית המתים,THYYT_HMTYM
תחנה 19,THNH_19
תחנה אחת-עשרה,THNH_AHTASHRH
תחנת ברלין,THNT_BRLYN
תחת נס השמיים,THT_NS_HSHMYYM
תחת שמי הודו,THT_SHMY_HVDV
תחת שמש אפלה,THT_SHMSH_APLH
תיאודור רוזוולט,TYAVDVR_RVZVVLT
‏תיכון אליפות,TYKVN_ALYPVT
תיכון הגלים הגבוהים,TYKVN_HGLYM_HGBVHYM
תיכון הלבבות השבורים,TYKVN_HLBBVT_HSHBVRYM
תיכון הלבבות השבורים 2022,TYKVN_HLBBVT_HSHBVRYM_2022
תיכון וולטר,TYKVN_VVLTR
תיכון לאבסטראק,TYKVN_LABSTRAK
תיק פלילי,TYK_PLYLY
תיקון מידות,TYKVN_MYDVT
תיקי קנדי,TYKY_KNDY
תיקים באפלה,TYKYM_BAPLH
תיקים סודיים עם דייוויד דוכובני,TYKYM_SVDYYM_AM_DYYVVYD_DVKVBNY
תישאר קרוב,TYSHAR_KRVB
תכסיסן,TKSYSN
תמונות מחיי נישואין,TMVNVT_MHYY_NYSHVAYN
תמיד ביחד,TMYD_BYHD
תמיד ג'יין,TMYD_GYYN
תנו לסוני צ'אנס,TNV_LSVNY_TSANS
תסביך אבאל’ה,TSBYK_ABALH
תסביך המושיע,TSBYK_HMVSHYA
תעופה בחקירה,TAVPH_BHKYRH
תעלומה בעיירה קטנה,TALVMH_BAYYRH_KTNH
תעלומות בפרובאנס,TALVMVT_BPRVBANS
תעלומות פרנקי דרייק,TALVMVT_PRNKY_DRYYK
תעלומות רוק איילנד,TALVMVT_RVK_AYYLND
תעלומת המגיה השחורה,TALVMT_HMGYH_HSHHVRH
תעלומת רצח סיציליאנית,TALVMT_RTSH_SYTSYLYANYT
תפוחים לעולם לא נופלים,TPVHYM_LAVLM_LA_NVPLYM
תפוס את שורטי,TPVS_AT_SHVRTY
תפיסה,TPYSH
תקוות גדולות,TKVVT_GDVLVT
תקוע עם קעקוע,TKVA_AM_KAKVA
תקציב משפחתי,TKTSYB_MSHPHTY
תקראו לה אלכס,TKRAV_LH_ALKS
תראו את אבא,TRAV_AT_ABA
תרגיע,TRGYA
תשע גופות במקסיקו,TSHA_GVPVT_BMKSYKV
תשע הנשמות של קלואי קינג,TSHA_HNSHMVT_SHEL_KLVAY_KYNG
תשעה זרים מושלמים,TSHAH_ZRYM_MVSHLMYM
America's Sweethearts: המעודדות של דאלאס קאובויס,Americas_Sweethearts_HMAVDDVT_SHEL_DALAS_KAVBVYS
BBC: חיי היונקים,BBC_HYY_HYVNKYM
FBoy Island,FBoy_Island
Fgirl Island,Fgirl_Island
H2O,H2O
H2O: הרפתקאות בנות הים,H2O_HRPTKAVT_BNVT_HYM
"Inside: ארה""ב",Inside_ARHB
L.A קומפלקס,LA_KVMPLKS
MKR המטבח המנצח: אוסטרליה,MKR_HMTBH_HMNTSH_AVSTRLYH
זורמים: איטליה,ZVRMYM_AYTLYH
O11CE,O11CE
Q: לתוך הסערה,Q_LTVK_HSARH
SUITS: לוס אנג'לס,SUITS_LVS_ANGLS
The Home Edit: משתלטות על הבלגן,The_Home_Edit_MSHTLTVT_AL_HBLGN
עושות שכונה,AVSHVT_SHKVNH
X הסוכן,X_HSVKN
Y: האיש האחרון,Y_HAYSH_HAHRVN
